symbol,question_date,start_utc,settle_utc,start_tw,settle_tw,target,settle_price,result,return_pct
ETH,2024-09-25,2024-09-24T16:00Z,2024-09-25T16:00Z,2024-09-25 00:00,2024-09-26 00:00,2614.47,2599.93,Down,-0.5561
ETH,2024-09-26,2024-09-25T16:00Z,2024-09-26T16:00Z,2024-09-26 00:00,2024-09-27 00:00,2599.93,2648.99,Up,1.8870
ETH,2024-09-27,2024-09-26T16:00Z,2024-09-27T16:00Z,2024-09-27 00:00,2024-09-28 00:00,2648.99,2684.72,Up,1.3488
ETH,2024-09-28,2024-09-27T16:00Z,2024-09-28T16:00Z,2024-09-28 00:00,2024-09-29 00:00,2684.72,2669.20,Down,-0.5781
ETH,2024-09-29,2024-09-28T16:00Z,2024-09-29T16:00Z,2024-09-29 00:00,2024-09-30 00:00,2669.20,2665.23,Down,-0.1487
ETH,2024-09-30,2024-09-29T16:00Z,2024-09-30T16:00Z,2024-09-30 00:00,2024-10-01 00:00,2665.23,2596.42,Down,-2.5818
ETH,2024-10-01,2024-09-30T16:00Z,2024-10-01T16:00Z,2024-10-01 00:00,2024-10-02 00:00,2596.42,2521.89,Down,-2.8705
ETH,2024-10-02,2024-10-01T16:00Z,2024-10-02T16:00Z,2024-10-02 00:00,2024-10-03 00:00,2521.89,2461.16,Down,-2.4081
ETH,2024-10-03,2024-10-02T16:00Z,2024-10-03T16:00Z,2024-10-03 00:00,2024-10-04 00:00,2461.16,2338.80,Down,-4.9716
ETH,2024-10-04,2024-10-03T16:00Z,2024-10-04T16:00Z,2024-10-04 00:00,2024-10-05 00:00,2338.80,2420.53,Up,3.4945
ETH,2024-10-05,2024-10-04T16:00Z,2024-10-05T16:00Z,2024-10-05 00:00,2024-10-06 00:00,2420.53,2415.65,Down,-0.2016
ETH,2024-10-06,2024-10-05T16:00Z,2024-10-06T16:00Z,2024-10-06 00:00,2024-10-07 00:00,2415.65,2447.68,Up,1.3259
ETH,2024-10-07,2024-10-06T16:00Z,2024-10-07T16:00Z,2024-10-07 00:00,2024-10-08 00:00,2447.68,2476.54,Up,1.1791
ETH,2024-10-08,2024-10-07T16:00Z,2024-10-08T16:00Z,2024-10-08 00:00,2024-10-09 00:00,2476.54,2419.46,Down,-2.3048
ETH,2024-10-09,2024-10-08T16:00Z,2024-10-09T16:00Z,2024-10-09 00:00,2024-10-10 00:00,2419.46,2462.28,Up,1.7698
ETH,2024-10-10,2024-10-09T16:00Z,2024-10-10T16:00Z,2024-10-10 00:00,2024-10-11 00:00,2462.28,2405.66,Down,-2.2995
ETH,2024-10-11,2024-10-10T16:00Z,2024-10-11T16:00Z,2024-10-11 00:00,2024-10-12 00:00,2405.66,2446.66,Up,1.7043
ETH,2024-10-12,2024-10-11T16:00Z,2024-10-12T16:00Z,2024-10-12 00:00,2024-10-13 00:00,2446.66,2474.30,Up,1.1297
ETH,2024-10-13,2024-10-12T16:00Z,2024-10-13T16:00Z,2024-10-13 00:00,2024-10-14 00:00,2474.30,2437.92,Down,-1.4703
ETH,2024-10-14,2024-10-13T16:00Z,2024-10-14T16:00Z,2024-10-14 00:00,2024-10-15 00:00,2437.92,2639.28,Up,8.2595
ETH,2024-10-15,2024-10-14T16:00Z,2024-10-15T16:00Z,2024-10-15 00:00,2024-10-16 00:00,2639.28,2574.81,Down,-2.4427
ETH,2024-10-16,2024-10-15T16:00Z,2024-10-16T16:00Z,2024-10-16 00:00,2024-10-17 00:00,2574.81,2610.44,Up,1.3838
ETH,2024-10-17,2024-10-16T16:00Z,2024-10-17T16:00Z,2024-10-17 00:00,2024-10-18 00:00,2610.44,2629.44,Up,0.7278
ETH,2024-10-18,2024-10-17T16:00Z,2024-10-18T16:00Z,2024-10-18 00:00,2024-10-19 00:00,2629.44,2652.57,Up,0.8797
ETH,2024-10-19,2024-10-18T16:00Z,2024-10-19T16:00Z,2024-10-19 00:00,2024-10-20 00:00,2652.57,2645.92,Down,-0.2507
ETH,2024-10-20,2024-10-19T16:00Z,2024-10-20T16:00Z,2024-10-20 00:00,2024-10-21 00:00,2645.92,2705.29,Up,2.2438
ETH,2024-10-21,2024-10-20T16:00Z,2024-10-21T16:00Z,2024-10-21 00:00,2024-10-22 00:00,2705.29,2678.72,Down,-0.9821
ETH,2024-10-22,2024-10-21T16:00Z,2024-10-22T16:00Z,2024-10-22 00:00,2024-10-23 00:00,2678.72,2623.00,Down,-2.0801
ETH,2024-10-23,2024-10-22T16:00Z,2024-10-23T16:00Z,2024-10-23 00:00,2024-10-24 00:00,2623.00,2541.32,Down,-3.1140
ETH,2024-10-24,2024-10-23T16:00Z,2024-10-24T16:00Z,2024-10-24 00:00,2024-10-25 00:00,2541.32,2527.92,Down,-0.5273
ETH,2024-10-25,2024-10-24T16:00Z,2024-10-25T16:00Z,2024-10-25 00:00,2024-10-26 00:00,2527.92,2520.81,Down,-0.2813
ETH,2024-10-26,2024-10-25T16:00Z,2024-10-26T16:00Z,2024-10-26 00:00,2024-10-27 00:00,2520.81,2458.23,Down,-2.4825
ETH,2024-10-27,2024-10-26T16:00Z,2024-10-27T16:00Z,2024-10-27 00:00,2024-10-28 00:00,2458.23,2505.80,Up,1.9351
ETH,2024-10-28,2024-10-27T16:00Z,2024-10-28T16:00Z,2024-10-28 00:00,2024-10-29 00:00,2505.80,2500.53,Down,-0.2103
ETH,2024-10-29,2024-10-28T16:00Z,2024-10-29T16:00Z,2024-10-29 00:00,2024-10-30 00:00,2500.53,2649.33,Up,5.9507
ETH,2024-10-30,2024-10-29T16:00Z,2024-10-30T16:00Z,2024-10-30 00:00,2024-10-31 00:00,2649.33,2682.01,Up,1.2335
ETH,2024-10-31,2024-10-30T16:00Z,2024-10-31T16:00Z,2024-10-31 00:00,2024-11-01 00:00,2682.01,2560.43,Down,-4.5332
ETH,2024-11-01,2024-10-31T16:00Z,2024-11-01T16:00Z,2024-11-01 00:00,2024-11-02 00:00,2560.43,2501.20,Down,-2.3133
ETH,2024-11-02,2024-11-01T16:00Z,2024-11-02T16:00Z,2024-11-02 00:00,2024-11-03 00:00,2501.20,2490.00,Down,-0.4478
ETH,2024-11-03,2024-11-02T16:00Z,2024-11-03T17:00Z,2024-11-03 00:00,2024-11-04 01:00,2490.00,2444.19,Down,-1.8398
ETH,2024-11-04,2024-11-03T17:00Z,2024-11-04T17:00Z,2024-11-04 01:00,2024-11-05 01:00,2444.19,2410.32,Down,-1.3857
ETH,2024-11-05,2024-11-04T17:00Z,2024-11-05T17:00Z,2024-11-05 01:00,2024-11-06 01:00,2410.32,2461.40,Up,2.1192
ETH,2024-11-06,2024-11-05T17:00Z,2024-11-06T17:00Z,2024-11-06 01:00,2024-11-07 01:00,2461.40,2655.20,Up,7.8736
ETH,2024-11-07,2024-11-06T17:00Z,2024-11-07T17:00Z,2024-11-07 01:00,2024-11-08 01:00,2655.20,2845.75,Up,7.1765
ETH,2024-11-08,2024-11-07T17:00Z,2024-11-08T17:00Z,2024-11-08 01:00,2024-11-09 01:00,2845.75,2911.96,Up,2.3266
ETH,2024-11-09,2024-11-08T17:00Z,2024-11-09T17:00Z,2024-11-09 01:00,2024-11-10 01:00,2911.96,3027.95,Up,3.9832
ETH,2024-11-10,2024-11-09T17:00Z,2024-11-10T17:00Z,2024-11-10 01:00,2024-11-11 01:00,3027.95,3211.19,Up,6.0516
ETH,2024-11-11,2024-11-10T17:00Z,2024-11-11T17:00Z,2024-11-11 01:00,2024-11-12 01:00,3211.19,3278.39,Up,2.0927
ETH,2024-11-12,2024-11-11T17:00Z,2024-11-12T17:00Z,2024-11-12 01:00,2024-11-13 01:00,3278.39,3253.27,Down,-0.7662
ETH,2024-11-13,2024-11-12T17:00Z,2024-11-13T17:00Z,2024-11-13 01:00,2024-11-14 01:00,3253.27,3289.25,Up,1.1060
ETH,2024-11-14,2024-11-13T17:00Z,2024-11-14T17:00Z,2024-11-14 01:00,2024-11-15 01:00,3289.25,3169.44,Down,-3.6425
ETH,2024-11-15,2024-11-14T17:00Z,2024-11-15T17:00Z,2024-11-15 01:00,2024-11-16 01:00,3169.44,3039.19,Down,-4.1096
ETH,2024-11-16,2024-11-15T17:00Z,2024-11-16T17:00Z,2024-11-16 01:00,2024-11-17 01:00,3039.19,3143.06,Up,3.4177
ETH,2024-11-17,2024-11-16T17:00Z,2024-11-17T17:00Z,2024-11-17 01:00,2024-11-18 01:00,3143.06,3093.50,Down,-1.5768
ETH,2024-11-18,2024-11-17T17:00Z,2024-11-18T17:00Z,2024-11-18 01:00,2024-11-19 01:00,3093.50,3168.00,Up,2.4083
ETH,2024-11-19,2024-11-18T17:00Z,2024-11-19T17:00Z,2024-11-19 01:00,2024-11-20 01:00,3168.00,3109.86,Down,-1.8352
ETH,2024-11-20,2024-11-19T17:00Z,2024-11-20T17:00Z,2024-11-20 01:00,2024-11-21 01:00,3109.86,3093.23,Down,-0.5348
ETH,2024-11-21,2024-11-20T17:00Z,2024-11-21T17:00Z,2024-11-21 01:00,2024-11-22 01:00,3093.23,3327.19,Up,7.5636
ETH,2024-11-22,2024-11-21T17:00Z,2024-11-22T17:00Z,2024-11-22 01:00,2024-11-23 01:00,3327.19,3306.78,Down,-0.6134
ETH,2024-11-23,2024-11-22T17:00Z,2024-11-23T17:00Z,2024-11-23 01:00,2024-11-24 01:00,3306.78,3412.40,Up,3.1940
ETH,2024-11-24,2024-11-23T17:00Z,2024-11-24T17:00Z,2024-11-24 01:00,2024-11-25 01:00,3412.40,3316.48,Down,-2.8109
ETH,2024-11-25,2024-11-24T17:00Z,2024-11-25T17:00Z,2024-11-25 01:00,2024-11-26 01:00,3316.48,3481.37,Up,4.9718
ETH,2024-11-26,2024-11-25T17:00Z,2024-11-26T17:00Z,2024-11-26 01:00,2024-11-27 01:00,3481.37,3331.77,Down,-4.2972
ETH,2024-11-27,2024-11-26T17:00Z,2024-11-27T17:00Z,2024-11-27 01:00,2024-11-28 01:00,3331.77,3556.82,Up,6.7547
ETH,2024-11-28,2024-11-27T17:00Z,2024-11-28T17:00Z,2024-11-28 01:00,2024-11-29 01:00,3556.82,3546.00,Down,-0.3042
ETH,2024-11-29,2024-11-28T17:00Z,2024-11-29T17:00Z,2024-11-29 01:00,2024-11-30 01:00,3546.00,3595.63,Up,1.3996
ETH,2024-11-30,2024-11-29T17:00Z,2024-11-30T17:00Z,2024-11-30 01:00,2024-12-01 01:00,3595.63,3675.77,Up,2.2288
ETH,2024-12-01,2024-11-30T17:00Z,2024-12-01T17:00Z,2024-12-01 01:00,2024-12-02 01:00,3675.77,3725.10,Up,1.3420
ETH,2024-12-02,2024-12-01T17:00Z,2024-12-02T17:00Z,2024-12-02 01:00,2024-12-03 01:00,3725.10,3629.00,Down,-2.5798
ETH,2024-12-03,2024-12-02T17:00Z,2024-12-03T17:00Z,2024-12-03 01:00,2024-12-04 01:00,3629.00,3551.56,Down,-2.1339
ETH,2024-12-04,2024-12-03T17:00Z,2024-12-04T17:00Z,2024-12-04 01:00,2024-12-05 01:00,3551.56,3769.39,Up,6.1334
ETH,2024-12-05,2024-12-04T17:00Z,2024-12-05T17:00Z,2024-12-05 01:00,2024-12-06 01:00,3769.39,3903.65,Up,3.5618
ETH,2024-12-06,2024-12-05T17:00Z,2024-12-06T17:00Z,2024-12-06 01:00,2024-12-07 01:00,3903.65,4007.19,Up,2.6524
ETH,2024-12-07,2024-12-06T17:00Z,2024-12-07T17:00Z,2024-12-07 01:00,2024-12-08 01:00,4007.19,3995.65,Down,-0.2880
ETH,2024-12-08,2024-12-07T17:00Z,2024-12-08T17:00Z,2024-12-08 01:00,2024-12-09 01:00,3995.65,3984.78,Down,-0.2720
ETH,2024-12-09,2024-12-08T17:00Z,2024-12-09T17:00Z,2024-12-09 01:00,2024-12-10 01:00,3984.78,3844.00,Down,-3.5329
ETH,2024-12-10,2024-12-09T17:00Z,2024-12-10T17:00Z,2024-12-10 01:00,2024-12-11 01:00,3844.00,3598.82,Down,-6.3783
ETH,2024-12-11,2024-12-10T17:00Z,2024-12-11T17:00Z,2024-12-11 01:00,2024-12-12 01:00,3598.82,3798.46,Up,5.5474
ETH,2024-12-12,2024-12-11T17:00Z,2024-12-12T17:00Z,2024-12-12 01:00,2024-12-13 01:00,3798.46,3932.51,Up,3.5291
ETH,2024-12-13,2024-12-12T17:00Z,2024-12-13T17:00Z,2024-12-13 01:00,2024-12-14 01:00,3932.51,3913.92,Down,-0.4727
ETH,2024-12-14,2024-12-13T17:00Z,2024-12-14T17:00Z,2024-12-14 01:00,2024-12-15 01:00,3913.92,3892.72,Down,-0.5417
ETH,2024-12-15,2024-12-14T17:00Z,2024-12-15T17:00Z,2024-12-15 01:00,2024-12-16 01:00,3892.72,3910.20,Up,0.4490
ETH,2024-12-16,2024-12-15T17:00Z,2024-12-16T17:00Z,2024-12-16 01:00,2024-12-17 01:00,3910.20,3958.98,Up,1.2475
ETH,2024-12-17,2024-12-16T17:00Z,2024-12-17T17:00Z,2024-12-17 01:00,2024-12-18 01:00,3958.98,3953.78,Down,-0.1313
ETH,2024-12-18,2024-12-17T17:00Z,2024-12-18T17:00Z,2024-12-18 01:00,2024-12-19 01:00,3953.78,3870.48,Down,-2.1068
ETH,2024-12-19,2024-12-18T17:00Z,2024-12-19T17:00Z,2024-12-19 01:00,2024-12-20 01:00,3870.48,3617.01,Down,-6.5488
ETH,2024-12-20,2024-12-19T17:00Z,2024-12-20T17:00Z,2024-12-20 01:00,2024-12-21 01:00,3617.01,3374.80,Down,-6.6964
ETH,2024-12-21,2024-12-20T17:00Z,2024-12-21T17:00Z,2024-12-21 01:00,2024-12-22 01:00,3374.80,3371.43,Down,-0.0999
ETH,2024-12-22,2024-12-21T17:00Z,2024-12-22T17:00Z,2024-12-22 01:00,2024-12-23 01:00,3371.43,3334.01,Down,-1.1099
ETH,2024-12-23,2024-12-22T17:00Z,2024-12-23T17:00Z,2024-12-23 01:00,2024-12-24 01:00,3334.01,3381.21,Up,1.4157
ETH,2024-12-24,2024-12-23T17:00Z,2024-12-24T17:00Z,2024-12-24 01:00,2024-12-25 01:00,3381.21,3482.57,Up,2.9977
ETH,2024-12-25,2024-12-24T17:00Z,2024-12-25T17:00Z,2024-12-25 01:00,2024-12-26 01:00,3482.57,3453.72,Down,-0.8284
ETH,2024-12-26,2024-12-25T17:00Z,2024-12-26T17:00Z,2024-12-26 01:00,2024-12-27 01:00,3453.72,3354.19,Down,-2.8818
ETH,2024-12-27,2024-12-26T17:00Z,2024-12-27T17:00Z,2024-12-27 01:00,2024-12-28 01:00,3354.19,3317.54,Down,-1.0927
ETH,2024-12-28,2024-12-27T17:00Z,2024-12-28T17:00Z,2024-12-28 01:00,2024-12-29 01:00,3317.54,3387.91,Up,2.1212
ETH,2024-12-29,2024-12-28T17:00Z,2024-12-29T17:00Z,2024-12-29 01:00,2024-12-30 01:00,3387.91,3355.53,Down,-0.9558
ETH,2024-12-30,2024-12-29T17:00Z,2024-12-30T17:00Z,2024-12-30 01:00,2024-12-31 01:00,3355.53,3342.50,Down,-0.3883
ETH,2024-12-31,2024-12-30T17:00Z,2024-12-31T17:00Z,2024-12-31 01:00,2025-01-01 01:00,3342.50,3406.05,Up,1.9013
ETH,2025-01-01,2024-12-31T17:00Z,2025-01-01T17:00Z,2025-01-01 01:00,2025-01-02 01:00,3406.05,3339.89,Down,-1.9424
ETH,2025-01-02,2025-01-01T17:00Z,2025-01-02T17:00Z,2025-01-02 01:00,2025-01-03 01:00,3339.89,3467.01,Up,3.8061
ETH,2025-01-03,2025-01-02T17:00Z,2025-01-03T17:00Z,2025-01-03 01:00,2025-01-04 01:00,3467.01,3586.43,Up,3.4445
ETH,2025-01-04,2025-01-03T17:00Z,2025-01-04T17:00Z,2025-01-04 01:00,2025-01-05 01:00,3586.43,3623.94,Up,1.0459
ETH,2025-01-05,2025-01-04T17:00Z,2025-01-05T17:00Z,2025-01-05 01:00,2025-01-06 01:00,3623.94,3628.99,Up,0.1394
ETH,2025-01-06,2025-01-05T17:00Z,2025-01-06T17:00Z,2025-01-06 01:00,2025-01-07 01:00,3628.99,3705.99,Up,2.1218
ETH,2025-01-07,2025-01-06T17:00Z,2025-01-07T17:00Z,2025-01-07 01:00,2025-01-08 01:00,3705.99,3459.57,Down,-6.6492
ETH,2025-01-08,2025-01-07T17:00Z,2025-01-08T17:00Z,2025-01-08 01:00,2025-01-09 01:00,3459.57,3309.76,Down,-4.3303
ETH,2025-01-09,2025-01-08T17:00Z,2025-01-09T17:00Z,2025-01-09 01:00,2025-01-10 01:00,3309.76,3303.99,Down,-0.1743
ETH,2025-01-10,2025-01-09T17:00Z,2025-01-10T17:00Z,2025-01-10 01:00,2025-01-11 01:00,3303.99,3250.01,Down,-1.6338
ETH,2025-01-11,2025-01-10T17:00Z,2025-01-11T17:00Z,2025-01-11 01:00,2025-01-12 01:00,3250.01,3272.81,Up,0.7015
ETH,2025-01-12,2025-01-11T17:00Z,2025-01-12T17:00Z,2025-01-12 01:00,2025-01-13 01:00,3272.81,3282.01,Up,0.2811
ETH,2025-01-13,2025-01-12T17:00Z,2025-01-13T17:00Z,2025-01-13 01:00,2025-01-14 01:00,3282.01,3011.60,Down,-8.2392
ETH,2025-01-14,2025-01-13T17:00Z,2025-01-14T17:00Z,2025-01-14 01:00,2025-01-15 01:00,3011.60,3185.07,Up,5.7601
ETH,2025-01-15,2025-01-14T17:00Z,2025-01-15T17:00Z,2025-01-15 01:00,2025-01-16 01:00,3185.07,3338.15,Up,4.8062
ETH,2025-01-16,2025-01-15T17:00Z,2025-01-16T17:00Z,2025-01-16 01:00,2025-01-17 01:00,3338.15,3334.92,Down,-0.0968
ETH,2025-01-17,2025-01-16T17:00Z,2025-01-17T17:00Z,2025-01-17 01:00,2025-01-18 01:00,3334.92,3434.51,Up,2.9863
ETH,2025-01-18,2025-01-17T17:00Z,2025-01-18T17:00Z,2025-01-18 01:00,2025-01-19 01:00,3434.51,3256.50,Down,-5.1830
ETH,2025-01-19,2025-01-18T17:00Z,2025-01-19T17:00Z,2025-01-19 01:00,2025-01-20 01:00,3256.50,3414.92,Up,4.8647
ETH,2025-01-20,2025-01-19T17:00Z,2025-01-20T17:00Z,2025-01-20 01:00,2025-01-21 01:00,3414.92,3375.43,Down,-1.1564
ETH,2025-01-21,2025-01-20T17:00Z,2025-01-21T17:00Z,2025-01-21 01:00,2025-01-22 01:00,3375.43,3315.04,Down,-1.7891
ETH,2025-01-22,2025-01-21T17:00Z,2025-01-22T17:00Z,2025-01-22 01:00,2025-01-23 01:00,3315.04,3277.99,Down,-1.1176
ETH,2025-01-23,2025-01-22T17:00Z,2025-01-23T17:00Z,2025-01-23 01:00,2025-01-24 01:00,3277.99,3247.09,Down,-0.9427
ETH,2025-01-24,2025-01-23T17:00Z,2025-01-24T17:00Z,2025-01-24 01:00,2025-01-25 01:00,3247.09,3380.71,Up,4.1151
ETH,2025-01-25,2025-01-24T17:00Z,2025-01-25T17:00Z,2025-01-25 01:00,2025-01-26 01:00,3380.71,3341.31,Down,-1.1654
ETH,2025-01-26,2025-01-25T17:00Z,2025-01-26T17:00Z,2025-01-26 01:00,2025-01-27 01:00,3341.31,3315.54,Down,-0.7713
ETH,2025-01-27,2025-01-26T17:00Z,2025-01-27T17:00Z,2025-01-27 01:00,2025-01-28 01:00,3315.54,3093.88,Down,-6.6855
ETH,2025-01-28,2025-01-27T17:00Z,2025-01-28T17:00Z,2025-01-28 01:00,2025-01-29 01:00,3093.88,3151.92,Up,1.8760
ETH,2025-01-29,2025-01-28T17:00Z,2025-01-29T17:00Z,2025-01-29 01:00,2025-01-30 01:00,3151.92,3090.49,Down,-1.9490
ETH,2025-01-30,2025-01-29T17:00Z,2025-01-30T17:00Z,2025-01-30 01:00,2025-01-31 01:00,3090.49,3273.82,Up,5.9321
ETH,2025-01-31,2025-01-30T17:00Z,2025-01-31T17:00Z,2025-01-31 01:00,2025-02-01 01:00,3273.82,3402.33,Up,3.9254
ETH,2025-02-01,2025-01-31T17:00Z,2025-02-01T17:00Z,2025-02-01 01:00,2025-02-02 01:00,3402.33,3249.81,Down,-4.4828
ETH,2025-02-02,2025-02-01T17:00Z,2025-02-02T17:00Z,2025-02-02 01:00,2025-02-03 01:00,3249.81,3027.50,Down,-6.8407
ETH,2025-02-03,2025-02-02T17:00Z,2025-02-03T17:00Z,2025-02-03 01:00,2025-02-04 01:00,3027.50,2705.47,Down,-10.6368
ETH,2025-02-04,2025-02-03T17:00Z,2025-02-04T17:00Z,2025-02-04 01:00,2025-02-05 01:00,2705.47,2795.49,Up,3.3273
ETH,2025-02-05,2025-02-04T17:00Z,2025-02-05T17:00Z,2025-02-05 01:00,2025-02-06 01:00,2795.49,2774.11,Down,-0.7648
ETH,2025-02-06,2025-02-05T17:00Z,2025-02-06T17:00Z,2025-02-06 01:00,2025-02-07 01:00,2774.11,2703.81,Down,-2.5341
ETH,2025-02-07,2025-02-06T17:00Z,2025-02-07T17:00Z,2025-02-07 01:00,2025-02-08 01:00,2703.81,2692.21,Down,-0.4290
ETH,2025-02-08,2025-02-07T17:00Z,2025-02-08T17:00Z,2025-02-08 01:00,2025-02-09 01:00,2692.21,2613.21,Down,-2.9344
ETH,2025-02-09,2025-02-08T17:00Z,2025-02-09T17:00Z,2025-02-09 01:00,2025-02-10 01:00,2613.21,2659.99,Up,1.7901
ETH,2025-02-10,2025-02-09T17:00Z,2025-02-10T17:00Z,2025-02-10 01:00,2025-02-11 01:00,2659.99,2663.58,Up,0.1350
ETH,2025-02-11,2025-02-10T17:00Z,2025-02-11T17:00Z,2025-02-11 01:00,2025-02-12 01:00,2663.58,2645.50,Down,-0.6788
ETH,2025-02-12,2025-02-11T17:00Z,2025-02-12T17:00Z,2025-02-12 01:00,2025-02-13 01:00,2645.50,2654.72,Up,0.3485
ETH,2025-02-13,2025-02-12T17:00Z,2025-02-13T17:00Z,2025-02-13 01:00,2025-02-14 01:00,2654.72,2626.90,Down,-1.0479
ETH,2025-02-14,2025-02-13T17:00Z,2025-02-14T17:00Z,2025-02-14 01:00,2025-02-15 01:00,2626.90,2735.84,Up,4.1471
ETH,2025-02-15,2025-02-14T17:00Z,2025-02-15T17:00Z,2025-02-15 01:00,2025-02-16 01:00,2735.84,2688.63,Down,-1.7256
ETH,2025-02-16,2025-02-15T17:00Z,2025-02-16T17:00Z,2025-02-16 01:00,2025-02-17 01:00,2688.63,2696.59,Up,0.2961
ETH,2025-02-17,2025-02-16T17:00Z,2025-02-17T17:00Z,2025-02-17 01:00,2025-02-18 01:00,2696.59,2727.29,Up,1.1385
ETH,2025-02-18,2025-02-17T17:00Z,2025-02-18T17:00Z,2025-02-18 01:00,2025-02-19 01:00,2727.29,2636.80,Down,-3.3179
ETH,2025-02-19,2025-02-18T17:00Z,2025-02-19T17:00Z,2025-02-19 01:00,2025-02-20 01:00,2636.80,2710.71,Up,2.8030
ETH,2025-02-20,2025-02-19T17:00Z,2025-02-20T17:00Z,2025-02-20 01:00,2025-02-21 01:00,2710.71,2713.06,Up,0.0867
ETH,2025-02-21,2025-02-20T17:00Z,2025-02-21T17:00Z,2025-02-21 01:00,2025-02-22 01:00,2713.06,2733.40,Up,0.7497
ETH,2025-02-22,2025-02-21T17:00Z,2025-02-22T17:00Z,2025-02-22 01:00,2025-02-23 01:00,2733.40,2774.85,Up,1.5164
ETH,2025-02-23,2025-02-22T17:00Z,2025-02-23T17:00Z,2025-02-23 01:00,2025-02-24 01:00,2774.85,2807.32,Up,1.1702
ETH,2025-02-24,2025-02-23T17:00Z,2025-02-24T17:00Z,2025-02-24 01:00,2025-02-25 01:00,2807.32,2662.31,Down,-5.1654
ETH,2025-02-25,2025-02-24T17:00Z,2025-02-25T17:00Z,2025-02-25 01:00,2025-02-26 01:00,2662.31,2423.59,Down,-8.9666
ETH,2025-02-26,2025-02-25T17:00Z,2025-02-26T17:00Z,2025-02-26 01:00,2025-02-27 01:00,2423.59,2398.08,Down,-1.0526
ETH,2025-02-27,2025-02-26T17:00Z,2025-02-27T17:00Z,2025-02-27 01:00,2025-02-28 01:00,2398.08,2297.56,Down,-4.1917
ETH,2025-02-28,2025-02-27T17:00Z,2025-02-28T17:00Z,2025-02-28 01:00,2025-03-01 01:00,2297.56,2221.20,Down,-3.3235
ETH,2025-03-01,2025-02-28T17:00Z,2025-03-01T17:00Z,2025-03-01 01:00,2025-03-02 01:00,2221.20,2206.80,Down,-0.6483
ETH,2025-03-02,2025-03-01T17:00Z,2025-03-02T17:00Z,2025-03-02 01:00,2025-03-03 01:00,2206.80,2454.08,Up,11.2054
ETH,2025-03-03,2025-03-02T17:00Z,2025-03-03T17:00Z,2025-03-03 01:00,2025-03-04 01:00,2454.08,2275.47,Down,-7.2781
ETH,2025-03-04,2025-03-03T17:00Z,2025-03-04T17:00Z,2025-03-04 01:00,2025-03-05 01:00,2275.47,2062.10,Down,-9.3770
ETH,2025-03-05,2025-03-04T17:00Z,2025-03-05T17:00Z,2025-03-05 01:00,2025-03-06 01:00,2062.10,2194.85,Up,6.4376
ETH,2025-03-06,2025-03-05T17:00Z,2025-03-06T17:00Z,2025-03-06 01:00,2025-03-07 01:00,2194.85,2223.59,Up,1.3094
ETH,2025-03-07,2025-03-06T17:00Z,2025-03-07T17:00Z,2025-03-07 01:00,2025-03-08 01:00,2223.59,2163.18,Down,-2.7168
ETH,2025-03-08,2025-03-07T17:00Z,2025-03-08T17:00Z,2025-03-08 01:00,2025-03-09 01:00,2163.18,2188.50,Up,1.1705
ETH,2025-03-09,2025-03-08T17:00Z,2025-03-09T16:00Z,2025-03-09 01:00,2025-03-10 00:00,2188.50,2095.10,Down,-4.2678
ETH,2025-03-10,2025-03-09T16:00Z,2025-03-10T16:00Z,2025-03-10 00:00,2025-03-11 00:00,2095.10,2020.47,Down,-3.5621
ETH,2025-03-11,2025-03-10T16:00Z,2025-03-11T16:00Z,2025-03-11 00:00,2025-03-12 00:00,2020.47,1910.49,Down,-5.4433
ETH,2025-03-12,2025-03-11T16:00Z,2025-03-12T16:00Z,2025-03-12 00:00,2025-03-13 00:00,1910.49,1869.08,Down,-2.1675
ETH,2025-03-13,2025-03-12T16:00Z,2025-03-13T16:00Z,2025-03-13 00:00,2025-03-14 00:00,1869.08,1875.97,Up,0.3686
ETH,2025-03-14,2025-03-13T16:00Z,2025-03-14T16:00Z,2025-03-14 00:00,2025-03-15 00:00,1875.97,1923.60,Up,2.5390
ETH,2025-03-15,2025-03-14T16:00Z,2025-03-15T16:00Z,2025-03-15 00:00,2025-03-16 00:00,1923.60,1937.94,Up,0.7455
ETH,2025-03-16,2025-03-15T16:00Z,2025-03-16T16:00Z,2025-03-16 00:00,2025-03-17 00:00,1937.94,1894.47,Down,-2.2431
ETH,2025-03-17,2025-03-16T16:00Z,2025-03-17T16:00Z,2025-03-17 00:00,2025-03-18 00:00,1894.47,1918.55,Up,1.2711
ETH,2025-03-18,2025-03-17T16:00Z,2025-03-18T16:00Z,2025-03-18 00:00,2025-03-19 00:00,1918.55,1881.20,Down,-1.9468
ETH,2025-03-19,2025-03-18T16:00Z,2025-03-19T16:00Z,2025-03-19 00:00,2025-03-20 00:00,1881.20,2046.25,Up,8.7737
ETH,2025-03-20,2025-03-19T16:00Z,2025-03-20T16:00Z,2025-03-20 00:00,2025-03-21 00:00,2046.25,1975.36,Down,-3.4644
ETH,2025-03-21,2025-03-20T16:00Z,2025-03-21T16:00Z,2025-03-21 00:00,2025-03-22 00:00,1975.36,1949.33,Down,-1.3177
ETH,2025-03-22,2025-03-21T16:00Z,2025-03-22T16:00Z,2025-03-22 00:00,2025-03-23 00:00,1949.33,1984.58,Up,1.8083
ETH,2025-03-23,2025-03-22T16:00Z,2025-03-23T16:00Z,2025-03-23 00:00,2025-03-24 00:00,1984.58,2006.02,Up,1.0803
ETH,2025-03-24,2025-03-23T16:00Z,2025-03-24T16:00Z,2025-03-24 00:00,2025-03-25 00:00,2006.02,2089.91,Up,4.1819
ETH,2025-03-25,2025-03-24T16:00Z,2025-03-25T16:00Z,2025-03-25 00:00,2025-03-26 00:00,2089.91,2069.76,Down,-0.9642
ETH,2025-03-26,2025-03-25T16:00Z,2025-03-26T16:00Z,2025-03-26 00:00,2025-03-27 00:00,2069.76,2011.06,Down,-2.8361
ETH,2025-03-27,2025-03-26T16:00Z,2025-03-27T16:00Z,2025-03-27 00:00,2025-03-28 00:00,2011.06,2005.36,Down,-0.2834
ETH,2025-03-28,2025-03-27T16:00Z,2025-03-28T16:00Z,2025-03-28 00:00,2025-03-29 00:00,2005.36,1874.16,Down,-6.5425
ETH,2025-03-29,2025-03-28T16:00Z,2025-03-29T16:00Z,2025-03-29 00:00,2025-03-30 00:00,1874.16,1843.57,Down,-1.6322
ETH,2025-03-30,2025-03-29T16:00Z,2025-03-30T16:00Z,2025-03-30 00:00,2025-03-31 00:00,1843.57,1812.47,Down,-1.6869
ETH,2025-03-31,2025-03-30T16:00Z,2025-03-31T16:00Z,2025-03-31 00:00,2025-04-01 00:00,1812.47,1843.19,Up,1.6949
ETH,2025-04-01,2025-03-31T16:00Z,2025-04-01T16:00Z,2025-04-01 00:00,2025-04-02 00:00,1843.19,1919.16,Up,4.1217
ETH,2025-04-02,2025-04-01T16:00Z,2025-04-02T16:00Z,2025-04-02 00:00,2025-04-03 00:00,1919.16,1899.96,Down,-1.0004
ETH,2025-04-03,2025-04-02T16:00Z,2025-04-03T16:00Z,2025-04-03 00:00,2025-04-04 00:00,1899.96,1782.64,Down,-6.1749
ETH,2025-04-04,2025-04-03T16:00Z,2025-04-04T16:00Z,2025-04-04 00:00,2025-04-05 00:00,1782.64,1795.54,Up,0.7236
ETH,2025-04-05,2025-04-04T16:00Z,2025-04-05T16:00Z,2025-04-05 00:00,2025-04-06 00:00,1795.54,1782.53,Down,-0.7246
ETH,2025-04-06,2025-04-05T16:00Z,2025-04-06T16:00Z,2025-04-06 00:00,2025-04-07 00:00,1782.53,1759.84,Down,-1.2729
ETH,2025-04-07,2025-04-06T16:00Z,2025-04-07T16:00Z,2025-04-07 00:00,2025-04-08 00:00,1759.84,1555.14,Down,-11.6317
ETH,2025-04-08,2025-04-07T16:00Z,2025-04-08T16:00Z,2025-04-08 00:00,2025-04-09 00:00,1555.14,1529.51,Down,-1.6481
ETH,2025-04-09,2025-04-08T16:00Z,2025-04-09T16:00Z,2025-04-09 00:00,2025-04-10 00:00,1529.51,1483.46,Down,-3.0108
ETH,2025-04-10,2025-04-09T16:00Z,2025-04-10T16:00Z,2025-04-10 00:00,2025-04-11 00:00,1483.46,1496.46,Up,0.8763
ETH,2025-04-11,2025-04-10T16:00Z,2025-04-11T16:00Z,2025-04-11 00:00,2025-04-12 00:00,1496.46,1565.81,Up,4.6343
ETH,2025-04-12,2025-04-11T16:00Z,2025-04-12T16:00Z,2025-04-12 00:00,2025-04-13 00:00,1565.81,1656.56,Up,5.7957
ETH,2025-04-13,2025-04-12T16:00Z,2025-04-13T16:00Z,2025-04-13 00:00,2025-04-14 00:00,1656.56,1589.56,Down,-4.0445
ETH,2025-04-14,2025-04-13T16:00Z,2025-04-14T16:00Z,2025-04-14 00:00,2025-04-15 00:00,1589.56,1629.39,Up,2.5057
ETH,2025-04-15,2025-04-14T16:00Z,2025-04-15T16:00Z,2025-04-15 00:00,2025-04-16 00:00,1629.39,1620.94,Down,-0.5186
ETH,2025-04-16,2025-04-15T16:00Z,2025-04-16T16:00Z,2025-04-16 00:00,2025-04-17 00:00,1620.94,1592.16,Down,-1.7755
ETH,2025-04-17,2025-04-16T16:00Z,2025-04-17T16:00Z,2025-04-17 00:00,2025-04-18 00:00,1592.16,1583.10,Down,-0.5690
ETH,2025-04-18,2025-04-17T16:00Z,2025-04-18T16:00Z,2025-04-18 00:00,2025-04-19 00:00,1583.10,1583.71,Up,0.0385
ETH,2025-04-19,2025-04-18T16:00Z,2025-04-19T16:00Z,2025-04-19 00:00,2025-04-20 00:00,1583.71,1609.09,Up,1.6026
ETH,2025-04-20,2025-04-19T16:00Z,2025-04-20T16:00Z,2025-04-20 00:00,2025-04-21 00:00,1609.09,1572.75,Down,-2.2584
ETH,2025-04-21,2025-04-20T16:00Z,2025-04-21T16:00Z,2025-04-21 00:00,2025-04-22 00:00,1572.75,1622.40,Up,3.1569
ETH,2025-04-22,2025-04-21T16:00Z,2025-04-22T16:00Z,2025-04-22 00:00,2025-04-23 00:00,1622.40,1707.72,Up,5.2589
ETH,2025-04-23,2025-04-22T16:00Z,2025-04-23T16:00Z,2025-04-23 00:00,2025-04-24 00:00,1707.72,1791.56,Up,4.9095
ETH,2025-04-24,2025-04-23T16:00Z,2025-04-24T16:00Z,2025-04-24 00:00,2025-04-25 00:00,1791.56,1765.00,Down,-1.4825
ETH,2025-04-25,2025-04-24T16:00Z,2025-04-25T16:00Z,2025-04-25 00:00,2025-04-26 00:00,1765.00,1807.96,Up,2.4340
ETH,2025-04-26,2025-04-25T16:00Z,2025-04-26T16:00Z,2025-04-26 00:00,2025-04-27 00:00,1807.96,1800.09,Down,-0.4353
ETH,2025-04-27,2025-04-26T16:00Z,2025-04-27T16:00Z,2025-04-27 00:00,2025-04-28 00:00,1800.09,1792.12,Down,-0.4428
ETH,2025-04-28,2025-04-27T16:00Z,2025-04-28T16:00Z,2025-04-28 00:00,2025-04-29 00:00,1792.12,1762.20,Down,-1.6695
ETH,2025-04-29,2025-04-28T16:00Z,2025-04-29T16:00Z,2025-04-29 00:00,2025-04-30 00:00,1762.20,1816.34,Up,3.0723
ETH,2025-04-30,2025-04-29T16:00Z,2025-04-30T16:00Z,2025-04-30 00:00,2025-05-01 00:00,1816.34,1762.81,Down,-2.9471
ETH,2025-05-01,2025-04-30T16:00Z,2025-05-01T16:00Z,2025-05-01 00:00,2025-05-02 00:00,1762.81,1854.62,Up,5.2082
ETH,2025-05-02,2025-05-01T16:00Z,2025-05-02T16:00Z,2025-05-02 00:00,2025-05-03 00:00,1854.62,1842.40,Down,-0.6589
ETH,2025-05-03,2025-05-02T16:00Z,2025-05-03T16:00Z,2025-05-03 00:00,2025-05-04 00:00,1842.40,1834.57,Down,-0.4250
ETH,2025-05-04,2025-05-03T16:00Z,2025-05-04T16:00Z,2025-05-04 00:00,2025-05-05 00:00,1834.57,1831.36,Down,-0.1750
ETH,2025-05-05,2025-05-04T16:00Z,2025-05-05T16:00Z,2025-05-05 00:00,2025-05-06 00:00,1831.36,1801.41,Down,-1.6354
ETH,2025-05-06,2025-05-05T16:00Z,2025-05-06T16:00Z,2025-05-06 00:00,2025-05-07 00:00,1801.41,1769.31,Down,-1.7819
ETH,2025-05-07,2025-05-06T16:00Z,2025-05-07T16:00Z,2025-05-07 00:00,2025-05-08 00:00,1769.31,1817.19,Up,2.7061
ETH,2025-05-08,2025-05-07T16:00Z,2025-05-08T16:00Z,2025-05-08 00:00,2025-05-09 00:00,1817.19,2056.12,Up,13.1483
ETH,2025-05-09,2025-05-08T16:00Z,2025-05-09T16:00Z,2025-05-09 00:00,2025-05-10 00:00,2056.12,2301.16,Up,11.9176
ETH,2025-05-10,2025-05-09T16:00Z,2025-05-10T16:00Z,2025-05-10 00:00,2025-05-11 00:00,2301.16,2431.66,Up,5.6711
ETH,2025-05-11,2025-05-10T16:00Z,2025-05-11T16:00Z,2025-05-11 00:00,2025-05-12 00:00,2431.66,2465.24,Up,1.3809
ETH,2025-05-12,2025-05-11T16:00Z,2025-05-12T16:00Z,2025-05-12 00:00,2025-05-13 00:00,2465.24,2488.66,Up,0.9500
ETH,2025-05-13,2025-05-12T16:00Z,2025-05-13T16:00Z,2025-05-13 00:00,2025-05-14 00:00,2488.66,2562.94,Up,2.9847
ETH,2025-05-14,2025-05-13T16:00Z,2025-05-14T16:00Z,2025-05-14 00:00,2025-05-15 00:00,2562.94,2597.45,Up,1.3465
ETH,2025-05-15,2025-05-14T16:00Z,2025-05-15T16:00Z,2025-05-15 00:00,2025-05-16 00:00,2597.45,2568.25,Down,-1.1242
ETH,2025-05-16,2025-05-15T16:00Z,2025-05-16T16:00Z,2025-05-16 00:00,2025-05-17 00:00,2568.25,2597.81,Up,1.1510
ETH,2025-05-17,2025-05-16T16:00Z,2025-05-17T16:00Z,2025-05-17 00:00,2025-05-18 00:00,2597.81,2473.20,Down,-4.7967
ETH,2025-05-18,2025-05-17T16:00Z,2025-05-18T16:00Z,2025-05-18 00:00,2025-05-19 00:00,2473.20,2582.64,Up,4.4250
ETH,2025-05-19,2025-05-18T16:00Z,2025-05-19T16:00Z,2025-05-19 00:00,2025-05-20 00:00,2582.64,2465.82,Down,-4.5233
ETH,2025-05-20,2025-05-19T16:00Z,2025-05-20T16:00Z,2025-05-20 00:00,2025-05-21 00:00,2465.82,2481.00,Up,0.6156
ETH,2025-05-21,2025-05-20T16:00Z,2025-05-21T16:00Z,2025-05-21 00:00,2025-05-22 00:00,2481.00,2568.70,Up,3.5349
ETH,2025-05-22,2025-05-21T16:00Z,2025-05-22T16:00Z,2025-05-22 00:00,2025-05-23 00:00,2568.70,2665.20,Up,3.7568
ETH,2025-05-23,2025-05-22T16:00Z,2025-05-23T16:00Z,2025-05-23 00:00,2025-05-24 00:00,2665.20,2568.23,Down,-3.6384
ETH,2025-05-24,2025-05-23T16:00Z,2025-05-24T16:00Z,2025-05-24 00:00,2025-05-25 00:00,2568.23,2554.89,Down,-0.5194
ETH,2025-05-25,2025-05-24T16:00Z,2025-05-25T16:00Z,2025-05-25 00:00,2025-05-26 00:00,2554.89,2513.25,Down,-1.6298
ETH,2025-05-26,2025-05-25T16:00Z,2025-05-26T16:00Z,2025-05-26 00:00,2025-05-27 00:00,2513.25,2567.39,Up,2.1542
ETH,2025-05-27,2025-05-26T16:00Z,2025-05-27T16:00Z,2025-05-27 00:00,2025-05-28 00:00,2567.39,2667.59,Up,3.9028
ETH,2025-05-28,2025-05-27T16:00Z,2025-05-28T16:00Z,2025-05-28 00:00,2025-05-29 00:00,2667.59,2629.78,Down,-1.4174
ETH,2025-05-29,2025-05-28T16:00Z,2025-05-29T16:00Z,2025-05-29 00:00,2025-05-30 00:00,2629.78,2642.29,Up,0.4757
ETH,2025-05-30,2025-05-29T16:00Z,2025-05-30T16:00Z,2025-05-30 00:00,2025-05-31 00:00,2642.29,2596.79,Down,-1.7220
ETH,2025-05-31,2025-05-30T16:00Z,2025-05-31T16:00Z,2025-05-31 00:00,2025-06-01 00:00,2596.79,2534.41,Down,-2.4022
ETH,2025-06-01,2025-05-31T16:00Z,2025-06-01T16:00Z,2025-06-01 00:00,2025-06-02 00:00,2534.41,2522.04,Down,-0.4881
ETH,2025-06-02,2025-06-01T16:00Z,2025-06-02T16:00Z,2025-06-02 00:00,2025-06-03 00:00,2522.04,2543.06,Up,0.8335
ETH,2025-06-03,2025-06-02T16:00Z,2025-06-03T16:00Z,2025-06-03 00:00,2025-06-04 00:00,2543.06,2621.85,Up,3.0982
ETH,2025-06-04,2025-06-03T16:00Z,2025-06-04T16:00Z,2025-06-04 00:00,2025-06-05 00:00,2621.85,2668.19,Up,1.7675
ETH,2025-06-05,2025-06-04T16:00Z,2025-06-05T16:00Z,2025-06-05 00:00,2025-06-06 00:00,2668.19,2589.84,Down,-2.9364
ETH,2025-06-06,2025-06-05T16:00Z,2025-06-06T16:00Z,2025-06-06 00:00,2025-06-07 00:00,2589.84,2509.55,Down,-3.1002
ETH,2025-06-07,2025-06-06T16:00Z,2025-06-07T16:00Z,2025-06-07 00:00,2025-06-08 00:00,2509.55,2520.59,Up,0.4399
ETH,2025-06-08,2025-06-07T16:00Z,2025-06-08T16:00Z,2025-06-08 00:00,2025-06-09 00:00,2520.59,2514.60,Down,-0.2376
ETH,2025-06-09,2025-06-08T16:00Z,2025-06-09T16:00Z,2025-06-09 00:00,2025-06-10 00:00,2514.60,2535.12,Up,0.8160
ETH,2025-06-10,2025-06-09T16:00Z,2025-06-10T16:00Z,2025-06-10 00:00,2025-06-11 00:00,2535.12,2734.58,Up,7.8679
ETH,2025-06-11,2025-06-10T16:00Z,2025-06-11T16:00Z,2025-06-11 00:00,2025-06-12 00:00,2734.58,2863.49,Up,4.7141
ETH,2025-06-12,2025-06-11T16:00Z,2025-06-12T16:00Z,2025-06-12 00:00,2025-06-13 00:00,2863.49,2720.76,Down,-4.9845
ETH,2025-06-13,2025-06-12T16:00Z,2025-06-13T16:00Z,2025-06-13 00:00,2025-06-14 00:00,2720.76,2549.20,Down,-6.3056
ETH,2025-06-14,2025-06-13T16:00Z,2025-06-14T16:00Z,2025-06-14 00:00,2025-06-15 00:00,2549.20,2516.86,Down,-1.2686
ETH,2025-06-15,2025-06-14T16:00Z,2025-06-15T16:00Z,2025-06-15 00:00,2025-06-16 00:00,2516.86,2542.98,Up,1.0378
ETH,2025-06-16,2025-06-15T16:00Z,2025-06-16T16:00Z,2025-06-16 00:00,2025-06-17 00:00,2542.98,2634.40,Up,3.5950
ETH,2025-06-17,2025-06-16T16:00Z,2025-06-17T16:00Z,2025-06-17 00:00,2025-06-18 00:00,2634.40,2499.16,Down,-5.1336
ETH,2025-06-18,2025-06-17T16:00Z,2025-06-18T16:00Z,2025-06-18 00:00,2025-06-19 00:00,2499.16,2506.89,Up,0.3093
ETH,2025-06-19,2025-06-18T16:00Z,2025-06-19T16:00Z,2025-06-19 00:00,2025-06-20 00:00,2506.89,2495.00,Down,-0.4743
ETH,2025-06-20,2025-06-19T16:00Z,2025-06-20T16:00Z,2025-06-20 00:00,2025-06-21 00:00,2495.00,2495.36,Up,0.0144
ETH,2025-06-21,2025-06-20T16:00Z,2025-06-21T16:00Z,2025-06-21 00:00,2025-06-22 00:00,2495.36,2422.96,Down,-2.9014
ETH,2025-06-22,2025-06-21T16:00Z,2025-06-22T16:00Z,2025-06-22 00:00,2025-06-23 00:00,2422.96,2179.09,Down,-10.0650
ETH,2025-06-23,2025-06-22T16:00Z,2025-06-23T16:00Z,2025-06-23 00:00,2025-06-24 00:00,2179.09,2251.59,Up,3.3271
ETH,2025-06-24,2025-06-23T16:00Z,2025-06-24T16:00Z,2025-06-24 00:00,2025-06-25 00:00,2251.59,2441.03,Up,8.4136
ETH,2025-06-25,2025-06-24T16:00Z,2025-06-25T16:00Z,2025-06-25 00:00,2025-06-26 00:00,2441.03,2407.62,Down,-1.3687
ETH,2025-06-26,2025-06-25T16:00Z,2025-06-26T16:00Z,2025-06-26 00:00,2025-06-27 00:00,2407.62,2434.47,Up,1.1152
ETH,2025-06-27,2025-06-26T16:00Z,2025-06-27T16:00Z,2025-06-27 00:00,2025-06-28 00:00,2434.47,2437.68,Up,0.1319
ETH,2025-06-28,2025-06-27T16:00Z,2025-06-28T16:00Z,2025-06-28 00:00,2025-06-29 00:00,2437.68,2439.52,Up,0.0755
ETH,2025-06-29,2025-06-28T16:00Z,2025-06-29T16:00Z,2025-06-29 00:00,2025-06-30 00:00,2439.52,2437.65,Down,-0.0767
ETH,2025-06-30,2025-06-29T16:00Z,2025-06-30T16:00Z,2025-06-30 00:00,2025-07-01 00:00,2437.65,2473.81,Up,1.4834
ETH,2025-07-01,2025-06-30T16:00Z,2025-07-01T16:00Z,2025-07-01 00:00,2025-07-02 00:00,2473.81,2423.57,Down,-2.0309
ETH,2025-07-02,2025-07-01T16:00Z,2025-07-02T16:00Z,2025-07-02 00:00,2025-07-03 00:00,2423.57,2497.44,Up,3.0480
ETH,2025-07-03,2025-07-02T16:00Z,2025-07-03T16:00Z,2025-07-03 00:00,2025-07-04 00:00,2497.44,2572.98,Up,3.0247
ETH,2025-07-04,2025-07-03T16:00Z,2025-07-04T16:00Z,2025-07-04 00:00,2025-07-05 00:00,2572.98,2499.33,Down,-2.8624
ETH,2025-07-05,2025-07-04T16:00Z,2025-07-05T16:00Z,2025-07-05 00:00,2025-07-06 00:00,2499.33,2507.90,Up,0.3429
ETH,2025-07-06,2025-07-05T16:00Z,2025-07-06T16:00Z,2025-07-06 00:00,2025-07-07 00:00,2507.90,2560.45,Up,2.0954
ETH,2025-07-07,2025-07-06T16:00Z,2025-07-07T16:00Z,2025-07-07 00:00,2025-07-08 00:00,2560.45,2534.41,Down,-1.0170
ETH,2025-07-08,2025-07-07T16:00Z,2025-07-08T16:00Z,2025-07-08 00:00,2025-07-09 00:00,2534.41,2565.10,Up,1.2109
ETH,2025-07-09,2025-07-08T16:00Z,2025-07-09T16:00Z,2025-07-09 00:00,2025-07-10 00:00,2565.10,2657.96,Up,3.6201
ETH,2025-07-10,2025-07-09T16:00Z,2025-07-10T16:00Z,2025-07-10 00:00,2025-07-11 00:00,2657.96,2770.11,Up,4.2194
ETH,2025-07-11,2025-07-10T16:00Z,2025-07-11T16:00Z,2025-07-11 00:00,2025-07-12 00:00,2770.11,2956.54,Up,6.7301
ETH,2025-07-12,2025-07-11T16:00Z,2025-07-12T16:00Z,2025-07-12 00:00,2025-07-13 00:00,2956.54,2914.66,Down,-1.4165
ETH,2025-07-13,2025-07-12T16:00Z,2025-07-13T16:00Z,2025-07-13 00:00,2025-07-14 00:00,2914.66,2992.36,Up,2.6658
ETH,2025-07-14,2025-07-13T16:00Z,2025-07-14T16:00Z,2025-07-14 00:00,2025-07-15 00:00,2992.36,3011.11,Up,0.6266
ETH,2025-07-15,2025-07-14T16:00Z,2025-07-15T16:00Z,2025-07-15 00:00,2025-07-16 00:00,3011.11,3041.51,Up,1.0096
ETH,2025-07-16,2025-07-15T16:00Z,2025-07-16T16:00Z,2025-07-16 00:00,2025-07-17 00:00,3041.51,3243.58,Up,6.6437
ETH,2025-07-17,2025-07-16T16:00Z,2025-07-17T16:00Z,2025-07-17 00:00,2025-07-18 00:00,3243.58,3422.12,Up,5.5044
ETH,2025-07-18,2025-07-17T16:00Z,2025-07-18T16:00Z,2025-07-18 00:00,2025-07-19 00:00,3422.12,3568.59,Up,4.2801
ETH,2025-07-19,2025-07-18T16:00Z,2025-07-19T16:00Z,2025-07-19 00:00,2025-07-20 00:00,3568.59,3552.03,Down,-0.4640
ETH,2025-07-20,2025-07-19T16:00Z,2025-07-20T16:00Z,2025-07-20 00:00,2025-07-21 00:00,3552.03,3786.82,Up,6.6100
ETH,2025-07-21,2025-07-20T16:00Z,2025-07-21T16:00Z,2025-07-21 00:00,2025-07-22 00:00,3786.82,3813.14,Up,0.6950
ETH,2025-07-22,2025-07-21T16:00Z,2025-07-22T16:00Z,2025-07-22 00:00,2025-07-23 00:00,3813.14,3715.47,Down,-2.5614
ETH,2025-07-23,2025-07-22T16:00Z,2025-07-23T16:00Z,2025-07-23 00:00,2025-07-24 00:00,3715.47,3636.50,Down,-2.1254
ETH,2025-07-24,2025-07-23T16:00Z,2025-07-24T16:00Z,2025-07-24 00:00,2025-07-25 00:00,3636.50,3725.54,Up,2.4485
ETH,2025-07-25,2025-07-24T16:00Z,2025-07-25T16:00Z,2025-07-25 00:00,2025-07-26 00:00,3725.54,3636.96,Down,-2.3776
ETH,2025-07-26,2025-07-25T16:00Z,2025-07-26T16:00Z,2025-07-26 00:00,2025-07-27 00:00,3636.96,3738.24,Up,2.7847
ETH,2025-07-27,2025-07-26T16:00Z,2025-07-27T16:00Z,2025-07-27 00:00,2025-07-28 00:00,3738.24,3820.64,Up,2.2042
ETH,2025-07-28,2025-07-27T16:00Z,2025-07-28T16:00Z,2025-07-28 00:00,2025-07-29 00:00,3820.64,3808.78,Down,-0.3104
ETH,2025-07-29,2025-07-28T16:00Z,2025-07-29T16:00Z,2025-07-29 00:00,2025-07-30 00:00,3808.78,3760.84,Down,-1.2587
ETH,2025-07-30,2025-07-29T16:00Z,2025-07-30T16:00Z,2025-07-30 00:00,2025-07-31 00:00,3760.84,3795.45,Up,0.9203
ETH,2025-07-31,2025-07-30T16:00Z,2025-07-31T16:00Z,2025-07-31 00:00,2025-08-01 00:00,3795.45,3789.77,Down,-0.1497
ETH,2025-08-01,2025-07-31T16:00Z,2025-08-01T16:00Z,2025-08-01 00:00,2025-08-02 00:00,3789.77,3613.42,Down,-4.6533
ETH,2025-08-02,2025-08-01T16:00Z,2025-08-02T16:00Z,2025-08-02 00:00,2025-08-03 00:00,3613.42,3458.46,Down,-4.2885
ETH,2025-08-03,2025-08-02T16:00Z,2025-08-03T16:00Z,2025-08-03 00:00,2025-08-04 00:00,3458.46,3474.16,Up,0.4540
ETH,2025-08-04,2025-08-03T16:00Z,2025-08-04T16:00Z,2025-08-04 00:00,2025-08-05 00:00,3474.16,3650.03,Up,5.0622
ETH,2025-08-05,2025-08-04T16:00Z,2025-08-05T16:00Z,2025-08-05 00:00,2025-08-06 00:00,3650.03,3568.46,Down,-2.2348
ETH,2025-08-06,2025-08-05T16:00Z,2025-08-06T16:00Z,2025-08-06 00:00,2025-08-07 00:00,3568.46,3667.93,Up,2.7875
ETH,2025-08-07,2025-08-06T16:00Z,2025-08-07T16:00Z,2025-08-07 00:00,2025-08-08 00:00,3667.93,3836.51,Up,4.5961
ETH,2025-08-08,2025-08-07T16:00Z,2025-08-08T16:00Z,2025-08-08 00:00,2025-08-09 00:00,3836.51,3957.90,Up,3.1641
ETH,2025-08-09,2025-08-08T16:00Z,2025-08-09T16:00Z,2025-08-09 00:00,2025-08-10 00:00,3957.90,4211.55,Up,6.4087
ETH,2025-08-10,2025-08-09T16:00Z,2025-08-10T16:00Z,2025-08-10 00:00,2025-08-11 00:00,4211.55,4216.00,Up,0.1057
ETH,2025-08-11,2025-08-10T16:00Z,2025-08-11T16:00Z,2025-08-11 00:00,2025-08-12 00:00,4216.00,4335.78,Up,2.8411
ETH,2025-08-12,2025-08-11T16:00Z,2025-08-12T16:00Z,2025-08-12 00:00,2025-08-13 00:00,4335.78,4468.70,Up,3.0657
ETH,2025-08-13,2025-08-12T16:00Z,2025-08-13T16:00Z,2025-08-13 00:00,2025-08-14 00:00,4468.70,4663.20,Up,4.3525
ETH,2025-08-14,2025-08-13T16:00Z,2025-08-14T16:00Z,2025-08-14 00:00,2025-08-15 00:00,4663.20,4619.20,Down,-0.9436
ETH,2025-08-15,2025-08-14T16:00Z,2025-08-15T16:00Z,2025-08-15 00:00,2025-08-16 00:00,4619.20,4426.51,Down,-4.1715
ETH,2025-08-16,2025-08-15T16:00Z,2025-08-16T16:00Z,2025-08-16 00:00,2025-08-17 00:00,4426.51,4399.26,Down,-0.6156
ETH,2025-08-17,2025-08-16T16:00Z,2025-08-17T16:00Z,2025-08-17 00:00,2025-08-18 00:00,4399.26,4564.99,Up,3.7672
ETH,2025-08-18,2025-08-17T16:00Z,2025-08-18T16:00Z,2025-08-18 00:00,2025-08-19 00:00,4564.99,4343.01,Down,-4.8627
ETH,2025-08-19,2025-08-18T16:00Z,2025-08-19T16:00Z,2025-08-19 00:00,2025-08-20 00:00,4343.01,4190.54,Down,-3.5107
ETH,2025-08-20,2025-08-19T16:00Z,2025-08-20T16:00Z,2025-08-20 00:00,2025-08-21 00:00,4190.54,4264.53,Up,1.7656
ETH,2025-08-21,2025-08-20T16:00Z,2025-08-21T16:00Z,2025-08-21 00:00,2025-08-22 00:00,4264.53,4239.38,Down,-0.5897
ETH,2025-08-22,2025-08-21T16:00Z,2025-08-22T16:00Z,2025-08-22 00:00,2025-08-23 00:00,4239.38,4628.91,Up,9.1884
ETH,2025-08-23,2025-08-22T16:00Z,2025-08-23T16:00Z,2025-08-23 00:00,2025-08-24 00:00,4628.91,4752.39,Up,2.6676
ETH,2025-08-24,2025-08-23T16:00Z,2025-08-24T16:00Z,2025-08-24 00:00,2025-08-25 00:00,4752.39,4795.82,Up,0.9139
ETH,2025-08-25,2025-08-24T16:00Z,2025-08-25T16:00Z,2025-08-25 00:00,2025-08-26 00:00,4795.82,4606.78,Down,-3.9418
ETH,2025-08-26,2025-08-25T16:00Z,2025-08-26T16:00Z,2025-08-26 00:00,2025-08-27 00:00,4606.78,4526.18,Down,-1.7496
ETH,2025-08-27,2025-08-26T16:00Z,2025-08-27T16:00Z,2025-08-27 00:00,2025-08-28 00:00,4526.18,4651.18,Up,2.7617
ETH,2025-08-28,2025-08-27T16:00Z,2025-08-28T16:00Z,2025-08-28 00:00,2025-08-29 00:00,4651.18,4508.26,Down,-3.0728
ETH,2025-08-29,2025-08-28T16:00Z,2025-08-29T16:00Z,2025-08-29 00:00,2025-08-30 00:00,4508.26,4314.40,Down,-4.3001
ETH,2025-08-30,2025-08-29T16:00Z,2025-08-30T16:00Z,2025-08-30 00:00,2025-08-31 00:00,4314.40,4371.26,Up,1.3179
ETH,2025-08-31,2025-08-30T16:00Z,2025-08-31T16:00Z,2025-08-31 00:00,2025-09-01 00:00,4371.26,4483.59,Up,2.5697
ETH,2025-09-01,2025-08-31T16:00Z,2025-09-01T16:00Z,2025-09-01 00:00,2025-09-02 00:00,4483.59,4361.53,Down,-2.7224
ETH,2025-09-02,2025-09-01T16:00Z,2025-09-02T16:00Z,2025-09-02 00:00,2025-09-03 00:00,4361.53,4301.54,Down,-1.3754
ETH,2025-09-03,2025-09-02T16:00Z,2025-09-03T16:00Z,2025-09-03 00:00,2025-09-04 00:00,4301.54,4482.54,Up,4.2078
ETH,2025-09-04,2025-09-03T16:00Z,2025-09-04T16:00Z,2025-09-04 00:00,2025-09-05 00:00,4482.54,4299.93,Down,-4.0738
ETH,2025-09-05,2025-09-04T16:00Z,2025-09-05T16:00Z,2025-09-05 00:00,2025-09-06 00:00,4299.93,4278.13,Down,-0.5070
ETH,2025-09-06,2025-09-05T16:00Z,2025-09-06T16:00Z,2025-09-06 00:00,2025-09-07 00:00,4278.13,4270.13,Down,-0.1870
ETH,2025-09-07,2025-09-06T16:00Z,2025-09-07T16:00Z,2025-09-07 00:00,2025-09-08 00:00,4270.13,4299.85,Up,0.6960
ETH,2025-09-08,2025-09-07T16:00Z,2025-09-08T16:00Z,2025-09-08 00:00,2025-09-09 00:00,4299.85,4370.22,Up,1.6366
ETH,2025-09-09,2025-09-08T16:00Z,2025-09-09T16:00Z,2025-09-09 00:00,2025-09-10 00:00,4370.22,4288.47,Down,-1.8706
ETH,2025-09-10,2025-09-09T16:00Z,2025-09-10T16:00Z,2025-09-10 00:00,2025-09-11 00:00,4288.47,4403.79,Up,2.6891
ETH,2025-09-11,2025-09-10T16:00Z,2025-09-11T16:00Z,2025-09-11 00:00,2025-09-12 00:00,4403.79,4417.11,Up,0.3025
ETH,2025-09-12,2025-09-11T16:00Z,2025-09-12T16:00Z,2025-09-12 00:00,2025-09-13 00:00,4417.11,4543.17,Up,2.8539
ETH,2025-09-13,2025-09-12T16:00Z,2025-09-13T16:00Z,2025-09-13 00:00,2025-09-14 00:00,4543.17,4652.22,Up,2.4003
ETH,2025-09-14,2025-09-13T16:00Z,2025-09-14T16:00Z,2025-09-14 00:00,2025-09-15 00:00,4652.22,4579.64,Down,-1.5601
ETH,2025-09-15,2025-09-14T16:00Z,2025-09-15T16:00Z,2025-09-15 00:00,2025-09-16 00:00,4579.64,4499.27,Down,-1.7549
ETH,2025-09-16,2025-09-15T16:00Z,2025-09-16T16:00Z,2025-09-16 00:00,2025-09-17 00:00,4499.27,4469.12,Down,-0.6701
ETH,2025-09-17,2025-09-16T16:00Z,2025-09-17T16:00Z,2025-09-17 00:00,2025-09-18 00:00,4469.12,4487.01,Up,0.4003
ETH,2025-09-18,2025-09-17T16:00Z,2025-09-18T16:00Z,2025-09-18 00:00,2025-09-19 00:00,4487.01,4597.85,Up,2.4702
ETH,2025-09-19,2025-09-18T16:00Z,2025-09-19T16:00Z,2025-09-19 00:00,2025-09-20 00:00,4597.85,4473.75,Down,-2.6991
ETH,2025-09-20,2025-09-19T16:00Z,2025-09-20T16:00Z,2025-09-20 00:00,2025-09-21 00:00,4473.75,4499.33,Up,0.5718
ETH,2025-09-21,2025-09-20T16:00Z,2025-09-21T16:00Z,2025-09-21 00:00,2025-09-22 00:00,4499.33,4484.61,Down,-0.3272
ETH,2025-09-22,2025-09-21T16:00Z,2025-09-22T16:00Z,2025-09-22 00:00,2025-09-23 00:00,4484.61,4167.22,Down,-7.0773
ETH,2025-09-23,2025-09-22T16:00Z,2025-09-23T16:00Z,2025-09-23 00:00,2025-09-24 00:00,4167.22,4181.83,Up,0.3506
ETH,2025-09-24,2025-09-23T16:00Z,2025-09-24T16:00Z,2025-09-24 00:00,2025-09-25 00:00,4181.83,4163.97,Down,-0.4271
ETH,2025-09-25,2025-09-24T16:00Z,2025-09-25T16:00Z,2025-09-25 00:00,2025-09-26 00:00,4163.97,4002.56,Down,-3.8763
ETH,2025-09-26,2025-09-25T16:00Z,2025-09-26T16:00Z,2025-09-26 00:00,2025-09-27 00:00,4002.56,3943.20,Down,-1.4831
ETH,2025-09-27,2025-09-26T16:00Z,2025-09-27T16:00Z,2025-09-27 00:00,2025-09-28 00:00,3943.20,4017.63,Up,1.8876
ETH,2025-09-28,2025-09-27T16:00Z,2025-09-28T16:00Z,2025-09-28 00:00,2025-09-29 00:00,4017.63,4022.79,Up,0.1284
ETH,2025-09-29,2025-09-28T16:00Z,2025-09-29T16:00Z,2025-09-29 00:00,2025-09-30 00:00,4022.79,4165.93,Up,3.5582
ETH,2025-09-30,2025-09-29T16:00Z,2025-09-30T16:00Z,2025-09-30 00:00,2025-10-01 00:00,4165.93,4117.88,Down,-1.1534
ETH,2025-10-01,2025-09-30T16:00Z,2025-10-01T16:00Z,2025-10-01 00:00,2025-10-02 00:00,4117.88,4331.21,Up,5.1806
ETH,2025-10-02,2025-10-01T16:00Z,2025-10-02T16:00Z,2025-10-02 00:00,2025-10-03 00:00,4331.21,4433.45,Up,2.3605
ETH,2025-10-03,2025-10-02T16:00Z,2025-10-03T16:00Z,2025-10-03 00:00,2025-10-04 00:00,4433.45,4545.69,Up,2.5317
ETH,2025-10-04,2025-10-03T16:00Z,2025-10-04T16:00Z,2025-10-04 00:00,2025-10-05 00:00,4545.69,4459.66,Down,-1.8926
ETH,2025-10-05,2025-10-04T16:00Z,2025-10-05T16:00Z,2025-10-05 00:00,2025-10-06 00:00,4459.66,4534.78,Up,1.6844
ETH,2025-10-06,2025-10-05T16:00Z,2025-10-06T16:00Z,2025-10-06 00:00,2025-10-07 00:00,4534.78,4678.86,Up,3.1772
ETH,2025-10-07,2025-10-06T16:00Z,2025-10-07T16:00Z,2025-10-07 00:00,2025-10-08 00:00,4678.86,4512.00,Down,-3.5663
ETH,2025-10-08,2025-10-07T16:00Z,2025-10-08T16:00Z,2025-10-08 00:00,2025-10-09 00:00,4512.00,4443.03,Down,-1.5286
ETH,2025-10-09,2025-10-08T16:00Z,2025-10-09T16:00Z,2025-10-09 00:00,2025-10-10 00:00,4443.03,4317.76,Down,-2.8195
ETH,2025-10-10,2025-10-09T16:00Z,2025-10-10T16:00Z,2025-10-10 00:00,2025-10-11 00:00,4317.76,4095.32,Down,-5.1517
ETH,2025-10-11,2025-10-10T16:00Z,2025-10-11T16:00Z,2025-10-11 00:00,2025-10-12 00:00,4095.32,3828.09,Down,-6.5253
ETH,2025-10-12,2025-10-11T16:00Z,2025-10-12T16:00Z,2025-10-12 00:00,2025-10-13 00:00,3828.09,4042.43,Up,5.5991
ETH,2025-10-13,2025-10-12T16:00Z,2025-10-13T16:00Z,2025-10-13 00:00,2025-10-14 00:00,4042.43,4133.80,Up,2.2603
ETH,2025-10-14,2025-10-13T16:00Z,2025-10-14T16:00Z,2025-10-14 00:00,2025-10-15 00:00,4133.80,4074.80,Down,-1.4273
ETH,2025-10-15,2025-10-14T16:00Z,2025-10-15T16:00Z,2025-10-15 00:00,2025-10-16 00:00,4074.80,3983.55,Down,-2.2394
ETH,2025-10-16,2025-10-15T16:00Z,2025-10-16T16:00Z,2025-10-16 00:00,2025-10-17 00:00,3983.55,3890.51,Down,-2.3356
ETH,2025-10-17,2025-10-16T16:00Z,2025-10-17T16:00Z,2025-10-17 00:00,2025-10-18 00:00,3890.51,3811.11,Down,-2.0409
ETH,2025-10-18,2025-10-17T16:00Z,2025-10-18T16:00Z,2025-10-18 00:00,2025-10-19 00:00,3811.11,3878.31,Up,1.7633
ETH,2025-10-19,2025-10-18T16:00Z,2025-10-19T16:00Z,2025-10-19 00:00,2025-10-20 00:00,3878.31,3977.10,Up,2.5472
ETH,2025-10-20,2025-10-19T16:00Z,2025-10-20T16:00Z,2025-10-20 00:00,2025-10-21 00:00,3977.10,3978.82,Up,0.0432
ETH,2025-10-21,2025-10-20T16:00Z,2025-10-21T16:00Z,2025-10-21 00:00,2025-10-22 00:00,3978.82,4080.74,Up,2.5616
ETH,2025-10-22,2025-10-21T16:00Z,2025-10-22T16:00Z,2025-10-22 00:00,2025-10-23 00:00,4080.74,3841.05,Down,-5.8737
ETH,2025-10-23,2025-10-22T16:00Z,2025-10-23T16:00Z,2025-10-23 00:00,2025-10-24 00:00,3841.05,3879.04,Up,0.9891
ETH,2025-10-24,2025-10-23T16:00Z,2025-10-24T16:00Z,2025-10-24 00:00,2025-10-25 00:00,3879.04,3890.00,Up,0.2825
ETH,2025-10-25,2025-10-24T16:00Z,2025-10-25T16:00Z,2025-10-25 00:00,2025-10-26 00:00,3890.00,3934.47,Up,1.1432
ETH,2025-10-26,2025-10-25T16:00Z,2025-10-26T16:00Z,2025-10-26 00:00,2025-10-27 00:00,3934.47,4072.99,Up,3.5207
ETH,2025-10-27,2025-10-26T16:00Z,2025-10-27T16:00Z,2025-10-27 00:00,2025-10-28 00:00,4072.99,4176.30,Up,2.5365
ETH,2025-10-28,2025-10-27T16:00Z,2025-10-28T16:00Z,2025-10-28 00:00,2025-10-29 00:00,4176.30,4098.46,Down,-1.8639
ETH,2025-10-29,2025-10-28T16:00Z,2025-10-29T16:00Z,2025-10-29 00:00,2025-10-30 00:00,4098.46,3947.73,Down,-3.6777
ETH,2025-10-30,2025-10-29T16:00Z,2025-10-30T16:00Z,2025-10-30 00:00,2025-10-31 00:00,3947.73,3768.19,Down,-4.5479
ETH,2025-10-31,2025-10-30T16:00Z,2025-10-31T16:00Z,2025-10-31 00:00,2025-11-01 00:00,3768.19,3857.33,Up,2.3656
ETH,2025-11-01,2025-10-31T16:00Z,2025-11-01T16:00Z,2025-11-01 00:00,2025-11-02 00:00,3857.33,3890.90,Up,0.8703
ETH,2025-11-02,2025-11-01T16:00Z,2025-11-02T17:00Z,2025-11-02 00:00,2025-11-03 01:00,3890.90,3861.54,Down,-0.7546
ETH,2025-11-03,2025-11-02T17:00Z,2025-11-03T17:00Z,2025-11-03 01:00,2025-11-04 01:00,3861.54,3615.15,Down,-6.3806
ETH,2025-11-04,2025-11-03T17:00Z,2025-11-04T17:00Z,2025-11-04 01:00,2025-11-05 01:00,3615.15,3419.74,Down,-5.4053
ETH,2025-11-05,2025-11-04T17:00Z,2025-11-05T17:00Z,2025-11-05 01:00,2025-11-06 01:00,3419.74,3426.75,Up,0.2050
ETH,2025-11-06,2025-11-05T17:00Z,2025-11-06T17:00Z,2025-11-06 01:00,2025-11-07 01:00,3426.75,3283.29,Down,-4.1865
ETH,2025-11-07,2025-11-06T17:00Z,2025-11-07T17:00Z,2025-11-07 01:00,2025-11-08 01:00,3283.29,3303.95,Up,0.6292
ETH,2025-11-08,2025-11-07T17:00Z,2025-11-08T17:00Z,2025-11-08 01:00,2025-11-09 01:00,3303.95,3368.00,Up,1.9386
ETH,2025-11-09,2025-11-08T17:00Z,2025-11-09T17:00Z,2025-11-09 01:00,2025-11-10 01:00,3368.00,3530.39,Up,4.8216
ETH,2025-11-10,2025-11-09T17:00Z,2025-11-10T17:00Z,2025-11-10 01:00,2025-11-11 01:00,3530.39,3530.82,Up,0.0122
ETH,2025-11-11,2025-11-10T17:00Z,2025-11-11T17:00Z,2025-11-11 01:00,2025-11-12 01:00,3530.82,3486.24,Down,-1.2626
ETH,2025-11-12,2025-11-11T17:00Z,2025-11-12T17:00Z,2025-11-12 01:00,2025-11-13 01:00,3486.24,3398.98,Down,-2.5030
ETH,2025-11-13,2025-11-12T17:00Z,2025-11-13T17:00Z,2025-11-13 01:00,2025-11-14 01:00,3398.98,3314.58,Down,-2.4831
ETH,2025-11-14,2025-11-13T17:00Z,2025-11-14T17:00Z,2025-11-14 01:00,2025-11-15 01:00,3314.58,3229.70,Down,-2.5608
ETH,2025-11-15,2025-11-14T17:00Z,2025-11-15T17:00Z,2025-11-15 01:00,2025-11-16 01:00,3229.70,3190.17,Down,-1.2240
ETH,2025-11-16,2025-11-15T17:00Z,2025-11-16T17:00Z,2025-11-16 01:00,2025-11-17 01:00,3190.17,3064.67,Down,-3.9340
ETH,2025-11-17,2025-11-16T17:00Z,2025-11-17T17:00Z,2025-11-17 01:00,2025-11-18 01:00,3064.67,3130.00,Up,2.1317
ETH,2025-11-18,2025-11-17T17:00Z,2025-11-18T17:00Z,2025-11-18 01:00,2025-11-19 01:00,3130.00,3153.09,Up,0.7377
ETH,2025-11-19,2025-11-18T17:00Z,2025-11-19T17:00Z,2025-11-19 01:00,2025-11-20 01:00,3153.09,2956.28,Down,-6.2418
ETH,2025-11-20,2025-11-19T17:00Z,2025-11-20T17:00Z,2025-11-20 01:00,2025-11-21 01:00,2956.28,2859.12,Down,-3.2866
ETH,2025-11-21,2025-11-20T17:00Z,2025-11-21T17:00Z,2025-11-21 01:00,2025-11-22 01:00,2859.12,2760.68,Down,-3.4430
ETH,2025-11-22,2025-11-21T17:00Z,2025-11-22T17:00Z,2025-11-22 01:00,2025-11-23 01:00,2760.68,2753.61,Down,-0.2561
ETH,2025-11-23,2025-11-22T17:00Z,2025-11-23T17:00Z,2025-11-23 01:00,2025-11-24 01:00,2753.61,2800.67,Up,1.7090
ETH,2025-11-24,2025-11-23T17:00Z,2025-11-24T17:00Z,2025-11-24 01:00,2025-11-25 01:00,2800.67,2864.84,Up,2.2912
ETH,2025-11-25,2025-11-24T17:00Z,2025-11-25T17:00Z,2025-11-25 01:00,2025-11-26 01:00,2864.84,2931.54,Up,2.3282
ETH,2025-11-26,2025-11-25T17:00Z,2025-11-26T17:00Z,2025-11-26 01:00,2025-11-27 01:00,2931.54,2949.03,Up,0.5966
ETH,2025-11-27,2025-11-26T17:00Z,2025-11-27T17:00Z,2025-11-27 01:00,2025-11-28 01:00,2949.03,3019.61,Up,2.3933
ETH,2025-11-28,2025-11-27T17:00Z,2025-11-28T17:00Z,2025-11-28 01:00,2025-11-29 01:00,3019.61,3022.26,Up,0.0878
ETH,2025-11-29,2025-11-28T17:00Z,2025-11-29T17:00Z,2025-11-29 01:00,2025-11-30 01:00,3022.26,3003.50,Down,-0.6207
ETH,2025-11-30,2025-11-29T17:00Z,2025-11-30T17:00Z,2025-11-30 01:00,2025-12-01 01:00,3003.50,3039.99,Up,1.2149
ETH,2025-12-01,2025-11-30T17:00Z,2025-12-01T17:00Z,2025-12-01 01:00,2025-12-02 01:00,3039.99,2735.22,Down,-10.0254
ETH,2025-12-02,2025-12-01T17:00Z,2025-12-02T17:00Z,2025-12-02 01:00,2025-12-03 01:00,2735.22,3005.59,Up,9.8848
ETH,2025-12-03,2025-12-02T17:00Z,2025-12-03T17:00Z,2025-12-03 01:00,2025-12-04 01:00,3005.59,3091.38,Up,2.8543
ETH,2025-12-04,2025-12-03T17:00Z,2025-12-04T17:00Z,2025-12-04 01:00,2025-12-05 01:00,3091.38,3173.25,Up,2.6483
ETH,2025-12-05,2025-12-04T17:00Z,2025-12-05T17:00Z,2025-12-05 01:00,2025-12-06 01:00,3173.25,3029.41,Down,-4.5329
ETH,2025-12-06,2025-12-05T17:00Z,2025-12-06T17:00Z,2025-12-06 01:00,2025-12-07 01:00,3029.41,3051.71,Up,0.7361
ETH,2025-12-07,2025-12-06T17:00Z,2025-12-07T17:00Z,2025-12-07 01:00,2025-12-08 01:00,3051.71,3036.73,Down,-0.4909
ETH,2025-12-08,2025-12-07T17:00Z,2025-12-08T17:00Z,2025-12-08 01:00,2025-12-09 01:00,3036.73,3102.87,Up,2.1780
ETH,2025-12-09,2025-12-08T17:00Z,2025-12-09T17:00Z,2025-12-09 01:00,2025-12-10 01:00,3102.87,3366.98,Up,8.5118
ETH,2025-12-10,2025-12-09T17:00Z,2025-12-10T17:00Z,2025-12-10 01:00,2025-12-11 01:00,3366.98,3347.24,Down,-0.5863
ETH,2025-12-11,2025-12-10T17:00Z,2025-12-11T17:00Z,2025-12-11 01:00,2025-12-12 01:00,3347.24,3176.17,Down,-5.1108
ETH,2025-12-12,2025-12-11T17:00Z,2025-12-12T17:00Z,2025-12-12 01:00,2025-12-13 01:00,3176.17,3072.04,Down,-3.2785
ETH,2025-12-13,2025-12-12T17:00Z,2025-12-13T17:00Z,2025-12-13 01:00,2025-12-14 01:00,3072.04,3105.36,Up,1.0846
ETH,2025-12-14,2025-12-13T17:00Z,2025-12-14T17:00Z,2025-12-14 01:00,2025-12-15 01:00,3105.36,3099.25,Down,-0.1968
ETH,2025-12-15,2025-12-14T17:00Z,2025-12-15T17:00Z,2025-12-15 01:00,2025-12-16 01:00,3099.25,2989.40,Down,-3.5444
ETH,2025-12-16,2025-12-15T17:00Z,2025-12-16T17:00Z,2025-12-16 01:00,2025-12-17 01:00,2989.40,2936.99,Down,-1.7532
ETH,2025-12-17,2025-12-16T17:00Z,2025-12-17T17:00Z,2025-12-17 01:00,2025-12-18 01:00,2936.99,2868.14,Down,-2.3442
ETH,2025-12-18,2025-12-17T17:00Z,2025-12-18T17:00Z,2025-12-18 01:00,2025-12-19 01:00,2868.14,2939.30,Up,2.4811
ETH,2025-12-19,2025-12-18T17:00Z,2025-12-19T17:00Z,2025-12-19 01:00,2025-12-20 01:00,2939.30,2968.10,Up,0.9798
ETH,2025-12-20,2025-12-19T17:00Z,2025-12-20T17:00Z,2025-12-20 01:00,2025-12-21 01:00,2968.10,2979.79,Up,0.3939
ETH,2025-12-21,2025-12-20T17:00Z,2025-12-21T17:00Z,2025-12-21 01:00,2025-12-22 01:00,2979.79,2984.47,Up,0.1571
ETH,2025-12-22,2025-12-21T17:00Z,2025-12-22T17:00Z,2025-12-22 01:00,2025-12-23 01:00,2984.47,3041.51,Up,1.9112
ETH,2025-12-23,2025-12-22T17:00Z,2025-12-23T17:00Z,2025-12-23 01:00,2025-12-24 01:00,3041.51,2957.95,Down,-2.7473
ETH,2025-12-24,2025-12-23T17:00Z,2025-12-24T17:00Z,2025-12-24 01:00,2025-12-25 01:00,2957.95,2940.85,Down,-0.5781
ETH,2025-12-25,2025-12-24T17:00Z,2025-12-25T17:00Z,2025-12-25 01:00,2025-12-26 01:00,2940.85,2949.22,Up,0.2846
ETH,2025-12-26,2025-12-25T17:00Z,2025-12-26T17:00Z,2025-12-26 01:00,2025-12-27 01:00,2949.22,2911.33,Down,-1.2847
ETH,2025-12-27,2025-12-26T17:00Z,2025-12-27T17:00Z,2025-12-27 01:00,2025-12-28 01:00,2911.33,2920.73,Up,0.3229
ETH,2025-12-28,2025-12-27T17:00Z,2025-12-28T17:00Z,2025-12-28 01:00,2025-12-29 01:00,2920.73,2942.72,Up,0.7529
ETH,2025-12-29,2025-12-28T17:00Z,2025-12-29T17:00Z,2025-12-29 01:00,2025-12-30 01:00,2942.72,2937.32,Down,-0.1835
ETH,2025-12-30,2025-12-29T17:00Z,2025-12-30T17:00Z,2025-12-30 01:00,2025-12-31 01:00,2937.32,2984.93,Up,1.6209
ETH,2025-12-31,2025-12-30T17:00Z,2025-12-31T17:00Z,2025-12-31 01:00,2026-01-01 01:00,2984.93,2974.30,Down,-0.3561
ETH,2026-01-01,2025-12-31T17:00Z,2026-01-01T17:00Z,2026-01-01 01:00,2026-01-02 01:00,2974.30,2981.17,Up,0.2310
ETH,2026-01-02,2026-01-01T17:00Z,2026-01-02T17:00Z,2026-01-02 01:00,2026-01-03 01:00,2981.17,3134.14,Up,5.1312
ETH,2026-01-03,2026-01-02T17:00Z,2026-01-03T17:00Z,2026-01-03 01:00,2026-01-04 01:00,3134.14,3108.72,Down,-0.8111
ETH,2026-01-04,2026-01-03T17:00Z,2026-01-04T17:00Z,2026-01-04 01:00,2026-01-05 01:00,3108.72,3139.68,Up,0.9959
ETH,2026-01-05,2026-01-04T17:00Z,2026-01-05T17:00Z,2026-01-05 01:00,2026-01-06 01:00,3139.68,3183.18,Up,1.3855
ETH,2026-01-06,2026-01-05T17:00Z,2026-01-06T17:00Z,2026-01-06 01:00,2026-01-07 01:00,3183.18,3248.99,Up,2.0674
ETH,2026-01-07,2026-01-06T17:00Z,2026-01-07T17:00Z,2026-01-07 01:00,2026-01-08 01:00,3248.99,3156.36,Down,-2.8510
ETH,2026-01-08,2026-01-07T17:00Z,2026-01-08T17:00Z,2026-01-08 01:00,2026-01-09 01:00,3156.36,3121.47,Down,-1.1054
ETH,2026-01-09,2026-01-08T17:00Z,2026-01-09T17:00Z,2026-01-09 01:00,2026-01-10 01:00,3121.47,3131.37,Up,0.3172
ETH,2026-01-10,2026-01-09T17:00Z,2026-01-10T17:00Z,2026-01-10 01:00,2026-01-11 01:00,3131.37,3095.97,Down,-1.1305
ETH,2026-01-11,2026-01-10T17:00Z,2026-01-11T17:00Z,2026-01-11 01:00,2026-01-12 01:00,3095.97,3130.49,Up,1.1150
ETH,2026-01-12,2026-01-11T17:00Z,2026-01-12T17:00Z,2026-01-12 01:00,2026-01-13 01:00,3130.49,3130.55,Up,0.0019
ETH,2026-01-13,2026-01-12T17:00Z,2026-01-13T17:00Z,2026-01-13 01:00,2026-01-14 01:00,3130.55,3182.88,Up,1.6716
ETH,2026-01-14,2026-01-13T17:00Z,2026-01-14T17:00Z,2026-01-14 01:00,2026-01-15 01:00,3182.88,3365.87,Up,5.7492
ETH,2026-01-15,2026-01-14T17:00Z,2026-01-15T17:00Z,2026-01-15 01:00,2026-01-16 01:00,3365.87,3335.31,Down,-0.9079
ETH,2026-01-16,2026-01-15T17:00Z,2026-01-16T17:00Z,2026-01-16 01:00,2026-01-17 01:00,3335.31,3276.47,Down,-1.7642
ETH,2026-01-17,2026-01-16T17:00Z,2026-01-17T17:00Z,2026-01-17 01:00,2026-01-18 01:00,3276.47,3318.24,Up,1.2748
ETH,2026-01-18,2026-01-17T17:00Z,2026-01-18T17:00Z,2026-01-18 01:00,2026-01-19 01:00,3318.24,3334.02,Up,0.4756
ETH,2026-01-19,2026-01-18T17:00Z,2026-01-19T17:00Z,2026-01-19 01:00,2026-01-20 01:00,3334.02,3221.91,Down,-3.3626
ETH,2026-01-20,2026-01-19T17:00Z,2026-01-20T17:00Z,2026-01-20 01:00,2026-01-21 01:00,3221.91,3008.45,Down,-6.6253
ETH,2026-01-21,2026-01-20T17:00Z,2026-01-21T17:00Z,2026-01-21 01:00,2026-01-22 01:00,3008.45,2904.58,Down,-3.4526
ETH,2026-01-22,2026-01-21T17:00Z,2026-01-22T17:00Z,2026-01-22 01:00,2026-01-23 01:00,2904.58,2942.02,Up,1.2890
ETH,2026-01-23,2026-01-22T17:00Z,2026-01-23T17:00Z,2026-01-23 01:00,2026-01-24 01:00,2942.02,2964.98,Up,0.7804
ETH,2026-01-24,2026-01-23T17:00Z,2026-01-24T17:00Z,2026-01-24 01:00,2026-01-25 01:00,2964.98,2959.80,Down,-0.1747
ETH,2026-01-25,2026-01-24T17:00Z,2026-01-25T17:00Z,2026-01-25 01:00,2026-01-26 01:00,2959.80,2897.46,Down,-2.1062
ETH,2026-01-26,2026-01-25T17:00Z,2026-01-26T17:00Z,2026-01-26 01:00,2026-01-27 01:00,2897.46,2901.97,Up,0.1557
ETH,2026-01-27,2026-01-26T17:00Z,2026-01-27T17:00Z,2026-01-27 01:00,2026-01-28 01:00,2901.97,2986.15,Up,2.9008
ETH,2026-01-28,2026-01-27T17:00Z,2026-01-28T17:00Z,2026-01-28 01:00,2026-01-29 01:00,2986.15,2999.17,Up,0.4360
ETH,2026-01-29,2026-01-28T17:00Z,2026-01-29T17:00Z,2026-01-29 01:00,2026-01-30 01:00,2999.17,2839.37,Down,-5.3281
ETH,2026-01-30,2026-01-29T17:00Z,2026-01-30T17:00Z,2026-01-30 01:00,2026-01-31 01:00,2839.37,2719.68,Down,-4.2154
ETH,2026-01-31,2026-01-30T17:00Z,2026-01-31T17:00Z,2026-01-31 01:00,2026-02-01 01:00,2719.68,2489.99,Down,-8.4455
ETH,2026-02-01,2026-01-31T17:00Z,2026-02-01T17:00Z,2026-02-01 01:00,2026-02-02 01:00,2489.99,2306.07,Down,-7.3864
ETH,2026-02-02,2026-02-01T17:00Z,2026-02-02T17:00Z,2026-02-02 01:00,2026-02-03 01:00,2306.07,2361.96,Up,2.4236
ETH,2026-02-03,2026-02-02T17:00Z,2026-02-03T17:00Z,2026-02-03 01:00,2026-02-04 01:00,2361.96,2241.65,Down,-5.0937
ETH,2026-02-04,2026-02-03T17:00Z,2026-02-04T17:00Z,2026-02-04 01:00,2026-02-05 01:00,2241.65,2147.00,Down,-4.2223
ETH,2026-02-05,2026-02-04T17:00Z,2026-02-05T17:00Z,2026-02-05 01:00,2026-02-06 01:00,2147.00,1990.87,Down,-7.2720
ETH,2026-02-06,2026-02-05T17:00Z,2026-02-06T17:00Z,2026-02-06 01:00,2026-02-07 01:00,1990.87,2031.04,Up,2.0177
ETH,2026-02-07,2026-02-06T17:00Z,2026-02-07T17:00Z,2026-02-07 01:00,2026-02-08 01:00,2031.04,2050.61,Up,0.9635
ETH,2026-02-08,2026-02-07T17:00Z,2026-02-08T17:00Z,2026-02-08 01:00,2026-02-09 01:00,2050.61,2085.63,Up,1.7078
ETH,2026-02-09,2026-02-08T17:00Z,2026-02-09T17:00Z,2026-02-09 01:00,2026-02-10 01:00,2085.63,2096.93,Up,0.5418
ETH,2026-02-10,2026-02-09T17:00Z,2026-02-10T17:00Z,2026-02-10 01:00,2026-02-11 01:00,2096.93,2023.60,Down,-3.4970
ETH,2026-02-11,2026-02-10T17:00Z,2026-02-11T17:00Z,2026-02-11 01:00,2026-02-12 01:00,2023.60,1916.22,Down,-5.3064
ETH,2026-02-12,2026-02-11T17:00Z,2026-02-12T17:00Z,2026-02-12 01:00,2026-02-13 01:00,1916.22,1905.49,Down,-0.5600
ETH,2026-02-13,2026-02-12T17:00Z,2026-02-13T17:00Z,2026-02-13 01:00,2026-02-14 01:00,1905.49,2055.80,Up,7.8883
ETH,2026-02-14,2026-02-13T17:00Z,2026-02-14T17:00Z,2026-02-14 01:00,2026-02-15 01:00,2055.80,2081.62,Up,1.2560
ETH,2026-02-15,2026-02-14T17:00Z,2026-02-15T17:00Z,2026-02-15 01:00,2026-02-16 01:00,2081.62,2006.54,Down,-3.6068
ETH,2026-02-16,2026-02-15T17:00Z,2026-02-16T17:00Z,2026-02-16 01:00,2026-02-17 01:00,2006.54,1974.47,Down,-1.5983
ETH,2026-02-17,2026-02-16T17:00Z,2026-02-17T17:00Z,2026-02-17 01:00,2026-02-18 01:00,1974.47,1979.11,Up,0.2350
ETH,2026-02-18,2026-02-17T17:00Z,2026-02-18T17:00Z,2026-02-18 01:00,2026-02-19 01:00,1979.11,1970.88,Down,-0.4158
ETH,2026-02-19,2026-02-18T17:00Z,2026-02-19T17:00Z,2026-02-19 01:00,2026-02-20 01:00,1970.88,1922.74,Down,-2.4426
ETH,2026-02-20,2026-02-19T17:00Z,2026-02-20T17:00Z,2026-02-20 01:00,2026-02-21 01:00,1922.74,1965.54,Up,2.2260
ETH,2026-02-21,2026-02-20T17:00Z,2026-02-21T17:00Z,2026-02-21 01:00,2026-02-22 01:00,1965.54,1986.86,Up,1.0847
ETH,2026-02-22,2026-02-21T17:00Z,2026-02-22T17:00Z,2026-02-22 01:00,2026-02-23 01:00,1986.86,1953.53,Down,-1.6775
ETH,2026-02-23,2026-02-22T17:00Z,2026-02-23T17:00Z,2026-02-23 01:00,2026-02-24 01:00,1953.53,1886.35,Down,-3.4389
ETH,2026-02-24,2026-02-23T17:00Z,2026-02-24T17:00Z,2026-02-24 01:00,2026-02-25 01:00,1886.35,1857.12,Down,-1.5496
ETH,2026-02-25,2026-02-24T17:00Z,2026-02-25T17:00Z,2026-02-25 01:00,2026-02-26 01:00,1857.12,2047.32,Up,10.2417
ETH,2026-02-26,2026-02-25T17:00Z,2026-02-26T17:00Z,2026-02-26 01:00,2026-02-27 01:00,2047.32,1989.24,Down,-2.8369
ETH,2026-02-27,2026-02-26T17:00Z,2026-02-27T17:00Z,2026-02-27 01:00,2026-02-28 01:00,1989.24,1929.99,Down,-2.9785
ETH,2026-02-28,2026-02-27T17:00Z,2026-02-28T17:00Z,2026-02-28 01:00,2026-03-01 01:00,1929.99,1904.01,Down,-1.3461
ETH,2026-03-01,2026-02-28T17:00Z,2026-03-01T17:00Z,2026-03-01 01:00,2026-03-02 01:00,1904.01,1973.13,Up,3.6302
ETH,2026-03-02,2026-03-01T17:00Z,2026-03-02T17:00Z,2026-03-02 01:00,2026-03-03 01:00,1973.13,2064.70,Up,4.6408
ETH,2026-03-03,2026-03-02T17:00Z,2026-03-03T17:00Z,2026-03-03 01:00,2026-03-04 01:00,2064.70,1980.46,Down,-4.0800
ETH,2026-03-04,2026-03-03T17:00Z,2026-03-04T17:00Z,2026-03-04 01:00,2026-03-05 01:00,1980.46,2141.64,Up,8.1385
ETH,2026-03-05,2026-03-04T17:00Z,2026-03-05T17:00Z,2026-03-05 01:00,2026-03-06 01:00,2141.64,2080.56,Down,-2.8520
ETH,2026-03-06,2026-03-05T17:00Z,2026-03-06T17:00Z,2026-03-06 01:00,2026-03-07 01:00,2080.56,1971.91,Down,-5.2222
ETH,2026-03-07,2026-03-06T17:00Z,2026-03-07T17:00Z,2026-03-07 01:00,2026-03-08 01:00,1971.91,1977.08,Up,0.2622
ETH,2026-03-08,2026-03-07T17:00Z,2026-03-08T16:00Z,2026-03-08 01:00,2026-03-09 00:00,1977.08,1942.24,Down,-1.7622
ETH,2026-03-09,2026-03-08T16:00Z,2026-03-09T16:00Z,2026-03-09 00:00,2026-03-10 00:00,1942.24,2023.10,Up,4.1632
ETH,2026-03-10,2026-03-09T16:00Z,2026-03-10T16:00Z,2026-03-10 00:00,2026-03-11 00:00,2023.10,2079.77,Up,2.8011
ETH,2026-03-11,2026-03-10T16:00Z,2026-03-11T16:00Z,2026-03-11 00:00,2026-03-12 00:00,2079.77,2050.34,Down,-1.4151
ETH,2026-03-12,2026-03-11T16:00Z,2026-03-12T16:00Z,2026-03-12 00:00,2026-03-13 00:00,2050.34,2070.46,Up,0.9813
ETH,2026-03-13,2026-03-12T16:00Z,2026-03-13T16:00Z,2026-03-13 00:00,2026-03-14 00:00,2070.46,2129.22,Up,2.8380
ETH,2026-03-14,2026-03-13T16:00Z,2026-03-14T16:00Z,2026-03-14 00:00,2026-03-15 00:00,2129.22,2074.40,Down,-2.5747
ETH,2026-03-15,2026-03-14T16:00Z,2026-03-15T16:00Z,2026-03-15 00:00,2026-03-16 00:00,2074.40,2093.68,Up,0.9294
ETH,2026-03-16,2026-03-15T16:00Z,2026-03-16T16:00Z,2026-03-16 00:00,2026-03-17 00:00,2093.68,2273.46,Up,8.5868
ETH,2026-03-17,2026-03-16T16:00Z,2026-03-17T16:00Z,2026-03-17 00:00,2026-03-18 00:00,2273.46,2317.13,Up,1.9209
ETH,2026-03-18,2026-03-17T16:00Z,2026-03-18T16:00Z,2026-03-18 00:00,2026-03-19 00:00,2317.13,2185.60,Down,-5.6764
ETH,2026-03-19,2026-03-18T16:00Z,2026-03-19T16:00Z,2026-03-19 00:00,2026-03-20 00:00,2185.60,2117.41,Down,-3.1200
ETH,2026-03-20,2026-03-19T16:00Z,2026-03-20T16:00Z,2026-03-20 00:00,2026-03-21 00:00,2117.41,2135.97,Up,0.8765
ETH,2026-03-21,2026-03-20T16:00Z,2026-03-21T16:00Z,2026-03-21 00:00,2026-03-22 00:00,2135.97,2152.41,Up,0.7697
ETH,2026-03-22,2026-03-21T16:00Z,2026-03-22T16:00Z,2026-03-22 00:00,2026-03-23 00:00,2152.41,2081.71,Down,-3.2847
ETH,2026-03-23,2026-03-22T16:00Z,2026-03-23T16:00Z,2026-03-23 00:00,2026-03-24 00:00,2081.71,2130.82,Up,2.3591
ETH,2026-03-24,2026-03-23T16:00Z,2026-03-24T16:00Z,2026-03-24 00:00,2026-03-25 00:00,2130.82,2134.13,Up,0.1553
ETH,2026-03-25,2026-03-24T16:00Z,2026-03-25T16:00Z,2026-03-25 00:00,2026-03-26 00:00,2134.13,2160.84,Up,1.2516
ETH,2026-03-26,2026-03-25T16:00Z,2026-03-26T16:00Z,2026-03-26 00:00,2026-03-27 00:00,2160.84,2069.24,Down,-4.2391
ETH,2026-03-27,2026-03-26T16:00Z,2026-03-27T16:00Z,2026-03-27 00:00,2026-03-28 00:00,2069.24,1988.65,Down,-3.8947
ETH,2026-03-28,2026-03-27T16:00Z,2026-03-28T16:00Z,2026-03-28 00:00,2026-03-29 00:00,1988.65,2026.80,Up,1.9184
ETH,2026-03-29,2026-03-28T16:00Z,2026-03-29T16:00Z,2026-03-29 00:00,2026-03-30 00:00,2026.80,1992.76,Down,-1.6795
ETH,2026-03-30,2026-03-29T16:00Z,2026-03-30T16:00Z,2026-03-30 00:00,2026-03-31 00:00,1992.76,2072.58,Up,4.0055
ETH,2026-03-31,2026-03-30T16:00Z,2026-03-31T16:00Z,2026-03-31 00:00,2026-04-01 00:00,2072.58,2057.96,Down,-0.7054
ETH,2026-04-01,2026-03-31T16:00Z,2026-04-01T16:00Z,2026-04-01 00:00,2026-04-02 00:00,2057.96,2134.12,Up,3.7008
ETH,2026-04-02,2026-04-01T16:00Z,2026-04-02T16:00Z,2026-04-02 00:00,2026-04-03 00:00,2134.12,2058.02,Down,-3.5659
ETH,2026-04-03,2026-04-02T16:00Z,2026-04-03T16:00Z,2026-04-03 00:00,2026-04-04 00:00,2058.02,2051.17,Down,-0.3328
ETH,2026-04-04,2026-04-03T16:00Z,2026-04-04T16:00Z,2026-04-04 00:00,2026-04-05 00:00,2051.17,2056.15,Up,0.2428
ETH,2026-04-05,2026-04-04T16:00Z,2026-04-05T16:00Z,2026-04-05 00:00,2026-04-06 00:00,2056.15,2055.12,Down,-0.0501
ETH,2026-04-06,2026-04-05T16:00Z,2026-04-06T16:00Z,2026-04-06 00:00,2026-04-07 00:00,2055.12,2163.78,Up,5.2873
ETH,2026-04-07,2026-04-06T16:00Z,2026-04-07T16:00Z,2026-04-07 00:00,2026-04-08 00:00,2163.78,2080.70,Down,-3.8396
ETH,2026-04-08,2026-04-07T16:00Z,2026-04-08T16:00Z,2026-04-08 00:00,2026-04-09 00:00,2080.70,2215.83,Up,6.4944
ETH,2026-04-09,2026-04-08T16:00Z,2026-04-09T16:00Z,2026-04-09 00:00,2026-04-10 00:00,2215.83,2223.14,Up,0.3299
ETH,2026-04-10,2026-04-09T16:00Z,2026-04-10T16:00Z,2026-04-10 00:00,2026-04-11 00:00,2223.14,2224.99,Up,0.0832
ETH,2026-04-11,2026-04-10T16:00Z,2026-04-11T16:00Z,2026-04-11 00:00,2026-04-12 00:00,2224.99,2249.42,Up,1.0980
ETH,2026-04-12,2026-04-11T16:00Z,2026-04-12T16:00Z,2026-04-12 00:00,2026-04-13 00:00,2249.42,2185.00,Down,-2.8638
ETH,2026-04-13,2026-04-12T16:00Z,2026-04-13T16:00Z,2026-04-13 00:00,2026-04-14 00:00,2185.00,2210.04,Up,1.1460
ETH,2026-04-14,2026-04-13T16:00Z,2026-04-14T16:00Z,2026-04-14 00:00,2026-04-15 00:00,2210.04,2364.42,Up,6.9854
ETH,2026-04-15,2026-04-14T16:00Z,2026-04-15T16:00Z,2026-04-15 00:00,2026-04-16 00:00,2364.42,2330.72,Down,-1.4253
ETH,2026-04-16,2026-04-15T16:00Z,2026-04-16T16:00Z,2026-04-16 00:00,2026-04-17 00:00,2330.72,2340.51,Up,0.4200
ETH,2026-04-17,2026-04-16T16:00Z,2026-04-17T16:00Z,2026-04-17 00:00,2026-04-18 00:00,2340.51,2441.92,Up,4.3328
ETH,2026-04-18,2026-04-17T16:00Z,2026-04-18T16:00Z,2026-04-18 00:00,2026-04-19 00:00,2441.92,2359.00,Down,-3.3957
ETH,2026-04-19,2026-04-18T16:00Z,2026-04-19T16:00Z,2026-04-19 00:00,2026-04-20 00:00,2359.00,2327.10,Down,-1.3523
ETH,2026-04-20,2026-04-19T16:00Z,2026-04-20T16:00Z,2026-04-20 00:00,2026-04-21 00:00,2327.10,2310.31,Down,-0.7215
ETH,2026-04-21,2026-04-20T16:00Z,2026-04-21T16:00Z,2026-04-21 00:00,2026-04-22 00:00,2310.31,2313.58,Up,0.1415
ETH,2026-04-22,2026-04-21T16:00Z,2026-04-22T16:00Z,2026-04-22 00:00,2026-04-23 00:00,2313.58,2405.55,Up,3.9752
ETH,2026-04-23,2026-04-22T16:00Z,2026-04-23T16:00Z,2026-04-23 00:00,2026-04-24 00:00,2405.55,2332.46,Down,-3.0384
ETH,2026-04-24,2026-04-23T16:00Z,2026-04-24T16:00Z,2026-04-24 00:00,2026-04-25 00:00,2332.46,2322.30,Down,-0.4356
ETH,2026-04-25,2026-04-24T16:00Z,2026-04-25T16:00Z,2026-04-25 00:00,2026-04-26 00:00,2322.30,2308.57,Down,-0.5912
ETH,2026-04-26,2026-04-25T16:00Z,2026-04-26T16:00Z,2026-04-26 00:00,2026-04-27 00:00,2308.57,2347.18,Up,1.6725
ETH,2026-04-27,2026-04-26T16:00Z,2026-04-27T16:00Z,2026-04-27 00:00,2026-04-28 00:00,2347.18,2272.12,Down,-3.1979
ETH,2026-04-28,2026-04-27T16:00Z,2026-04-28T16:00Z,2026-04-28 00:00,2026-04-29 00:00,2272.12,2279.59,Up,0.3288
ETH,2026-04-29,2026-04-28T16:00Z,2026-04-29T16:00Z,2026-04-29 00:00,2026-04-30 00:00,2279.59,2270.37,Down,-0.4045
ETH,2026-04-30,2026-04-29T16:00Z,2026-04-30T16:00Z,2026-04-30 00:00,2026-05-01 00:00,2270.37,2265.51,Down,-0.2141
ETH,2026-05-01,2026-04-30T16:00Z,2026-05-01T16:00Z,2026-05-01 00:00,2026-05-02 00:00,2265.51,2309.84,Up,1.9567
ETH,2026-05-02,2026-05-01T16:00Z,2026-05-02T16:00Z,2026-05-02 00:00,2026-05-03 00:00,2309.84,2308.24,Down,-0.0693
ETH,2026-05-03,2026-05-02T16:00Z,2026-05-03T16:00Z,2026-05-03 00:00,2026-05-04 00:00,2308.24,2329.33,Up,0.9137
ETH,2026-05-04,2026-05-03T16:00Z,2026-05-04T16:00Z,2026-05-04 00:00,2026-05-05 00:00,2329.33,2352.13,Up,0.9788
ETH,2026-05-05,2026-05-04T16:00Z,2026-05-05T16:00Z,2026-05-05 00:00,2026-05-06 00:00,2352.13,2381.15,Up,1.2338
ETH,2026-05-06,2026-05-05T16:00Z,2026-05-06T16:00Z,2026-05-06 00:00,2026-05-07 00:00,2381.15,2358.42,Down,-0.9546
ETH,2026-05-07,2026-05-06T16:00Z,2026-05-07T16:00Z,2026-05-07 00:00,2026-05-08 00:00,2358.42,2292.95,Down,-2.7760
ETH,2026-05-08,2026-05-07T16:00Z,2026-05-08T16:00Z,2026-05-08 00:00,2026-05-09 00:00,2292.95,2293.98,Up,0.0449
ETH,2026-05-09,2026-05-08T16:00Z,2026-05-09T16:00Z,2026-05-09 00:00,2026-05-10 00:00,2293.98,2316.66,Up,0.9887
ETH,2026-05-10,2026-05-09T16:00Z,2026-05-10T16:00Z,2026-05-10 00:00,2026-05-11 00:00,2316.66,2349.75,Up,1.4283
ETH,2026-05-11,2026-05-10T16:00Z,2026-05-11T16:00Z,2026-05-11 00:00,2026-05-12 00:00,2349.75,2331.45,Down,-0.7788
ETH,2026-05-12,2026-05-11T16:00Z,2026-05-12T16:00Z,2026-05-12 00:00,2026-05-13 00:00,2331.45,2262.89,Down,-2.9407
ETH,2026-05-13,2026-05-12T16:00Z,2026-05-13T16:00Z,2026-05-13 00:00,2026-05-14 00:00,2262.89,2243.79,Down,-0.8441
ETH,2026-05-14,2026-05-13T16:00Z,2026-05-14T16:00Z,2026-05-14 00:00,2026-05-15 00:00,2243.79,2300.88,Up,2.5444
ETH,2026-05-15,2026-05-14T16:00Z,2026-05-15T16:00Z,2026-05-15 00:00,2026-05-16 00:00,2300.88,2221.73,Down,-3.4400
ETH,2026-05-16,2026-05-15T16:00Z,2026-05-16T16:00Z,2026-05-16 00:00,2026-05-17 00:00,2221.73,2179.01,Down,-1.9228
ETH,2026-05-17,2026-05-16T16:00Z,2026-05-17T16:00Z,2026-05-17 00:00,2026-05-18 00:00,2179.01,2186.91,Up,0.3625
ETH,2026-05-18,2026-05-17T16:00Z,2026-05-18T16:00Z,2026-05-18 00:00,2026-05-19 00:00,2186.91,2105.10,Down,-3.7409
ETH,2026-05-19,2026-05-18T16:00Z,2026-05-19T16:00Z,2026-05-19 00:00,2026-05-20 00:00,2105.10,2110.45,Up,0.2541
ETH,2026-05-20,2026-05-19T16:00Z,2026-05-20T16:00Z,2026-05-20 00:00,2026-05-21 00:00,2110.45,2138.59,Up,1.3334
ETH,2026-05-21,2026-05-20T16:00Z,2026-05-21T16:00Z,2026-05-21 00:00,2026-05-22 00:00,2138.59,2135.45,Down,-0.1468
ETH,2026-05-22,2026-05-21T16:00Z,2026-05-22T16:00Z,2026-05-22 00:00,2026-05-23 00:00,2135.45,2119.70,Down,-0.7375
ETH,2026-05-23,2026-05-22T16:00Z,2026-05-23T16:00Z,2026-05-23 00:00,2026-05-24 00:00,2119.70,2063.24,Down,-2.6636
ETH,2026-05-24,2026-05-23T16:00Z,2026-05-24T16:00Z,2026-05-24 00:00,2026-05-25 00:00,2063.24,2096.10,Up,1.5926
ETH,2026-05-25,2026-05-24T16:00Z,2026-05-25T16:00Z,2026-05-25 00:00,2026-05-26 00:00,2096.10,2127.12,Up,1.4799
ETH,2026-05-26,2026-05-25T16:00Z,2026-05-26T16:00Z,2026-05-26 00:00,2026-05-27 00:00,2127.12,2087.37,Down,-1.8687
ETH,2026-05-27,2026-05-26T16:00Z,2026-05-27T16:00Z,2026-05-27 00:00,2026-05-28 00:00,2087.37,2072.81,Down,-0.6975
ETH,2026-05-28,2026-05-27T16:00Z,2026-05-28T16:00Z,2026-05-28 00:00,2026-05-29 00:00,2072.81,1989.45,Down,-4.0216
ETH,2026-05-29,2026-05-28T16:00Z,2026-05-29T16:00Z,2026-05-29 00:00,2026-05-30 00:00,1989.45,2031.60,Up,2.1187
ETH,2026-05-30,2026-05-29T16:00Z,2026-05-30T16:00Z,2026-05-30 00:00,2026-05-31 00:00,2031.60,2026.01,Down,-0.2752
ETH,2026-05-31,2026-05-30T16:00Z,2026-05-31T16:00Z,2026-05-31 00:00,2026-06-01 00:00,2026.01,2010.89,Down,-0.7463
ETH,2026-06-01,2026-05-31T16:00Z,2026-06-01T16:00Z,2026-06-01 00:00,2026-06-02 00:00,2010.89,1970.77,Down,-1.9951
ETH,2026-06-02,2026-06-01T16:00Z,2026-06-02T16:00Z,2026-06-02 00:00,2026-06-03 00:00,1970.77,1912.25,Down,-2.9694
ETH,2026-06-03,2026-06-02T16:00Z,2026-06-03T16:00Z,2026-06-03 00:00,2026-06-04 00:00,1912.25,1838.23,Down,-3.8708
ETH,2026-06-04,2026-06-03T16:00Z,2026-06-04T16:00Z,2026-06-04 00:00,2026-06-05 00:00,1838.23,1776.68,Down,-3.3483
ETH,2026-06-05,2026-06-04T16:00Z,2026-06-05T16:00Z,2026-06-05 00:00,2026-06-06 00:00,1776.68,1574.50,Down,-11.3797
ETH,2026-06-06,2026-06-05T16:00Z,2026-06-06T16:00Z,2026-06-06 00:00,2026-06-07 00:00,1574.50,1559.05,Down,-0.9813
ETH,2026-06-07,2026-06-06T16:00Z,2026-06-07T16:00Z,2026-06-07 00:00,2026-06-08 00:00,1559.05,1628.30,Up,4.4418
ETH,2026-06-08,2026-06-07T16:00Z,2026-06-08T16:00Z,2026-06-08 00:00,2026-06-09 00:00,1628.30,1688.75,Up,3.7125
ETH,2026-06-09,2026-06-08T16:00Z,2026-06-09T16:00Z,2026-06-09 00:00,2026-06-10 00:00,1688.75,1638.95,Down,-2.9489
ETH,2026-06-10,2026-06-09T16:00Z,2026-06-10T16:00Z,2026-06-10 00:00,2026-06-11 00:00,1638.95,1656.82,Up,1.0903
ETH,2026-06-11,2026-06-10T16:00Z,2026-06-11T16:00Z,2026-06-11 00:00,2026-06-12 00:00,1656.82,1646.32,Down,-0.6337
ETH,2026-06-12,2026-06-11T16:00Z,2026-06-12T16:00Z,2026-06-12 00:00,2026-06-13 00:00,1646.32,1662.73,Up,0.9968
ETH,2026-06-13,2026-06-12T16:00Z,2026-06-13T16:00Z,2026-06-13 00:00,2026-06-14 00:00,1662.73,1680.51,Up,1.0693
ETH,2026-06-14,2026-06-13T16:00Z,2026-06-14T16:00Z,2026-06-14 00:00,2026-06-15 00:00,1680.51,1664.03,Down,-0.9807
ETH,2026-06-15,2026-06-14T16:00Z,2026-06-15T16:00Z,2026-06-15 00:00,2026-06-16 00:00,1664.03,1840.85,Up,10.6260
ETH,2026-06-16,2026-06-15T16:00Z,2026-06-16T16:00Z,2026-06-16 00:00,2026-06-17 00:00,1840.85,1783.54,Down,-3.1132
ETH,2026-06-17,2026-06-16T16:00Z,2026-06-17T16:00Z,2026-06-17 00:00,2026-06-18 00:00,1783.54,1774.51,Down,-0.5063
ETH,2026-06-18,2026-06-17T16:00Z,2026-06-18T16:00Z,2026-06-18 00:00,2026-06-19 00:00,1774.51,1687.20,Down,-4.9202
ETH,2026-06-19,2026-06-18T16:00Z,2026-06-19T16:00Z,2026-06-19 00:00,2026-06-20 00:00,1687.20,1707.33,Up,1.1931
ETH,2026-06-20,2026-06-19T16:00Z,2026-06-20T16:00Z,2026-06-20 00:00,2026-06-21 00:00,1707.33,1736.83,Up,1.7278
ETH,2026-06-21,2026-06-20T16:00Z,2026-06-21T16:00Z,2026-06-21 00:00,2026-06-22 00:00,1736.83,1728.87,Down,-0.4583
ETH,2026-06-22,2026-06-21T16:00Z,2026-06-22T16:00Z,2026-06-22 00:00,2026-06-23 00:00,1728.87,1743.30,Up,0.8346
ETH,2026-06-23,2026-06-22T16:00Z,2026-06-23T16:00Z,2026-06-23 00:00,2026-06-24 00:00,1743.30,1660.68,Down,-4.7393
ETH,2026-06-24,2026-06-23T16:00Z,2026-06-24T16:00Z,2026-06-24 00:00,2026-06-25 00:00,1660.68,1620.81,Down,-2.4008
ETH,2026-06-25,2026-06-24T16:00Z,2026-06-25T16:00Z,2026-06-25 00:00,2026-06-26 00:00,1620.81,1572.81,Down,-2.9615
ETH,2026-06-26,2026-06-25T16:00Z,2026-06-26T16:00Z,2026-06-26 00:00,2026-06-27 00:00,1572.81,1591.92,Up,1.2150
ETH,2026-06-27,2026-06-26T16:00Z,2026-06-27T16:00Z,2026-06-27 00:00,2026-06-28 00:00,1591.92,1604.83,Up,0.8110
ETH,2026-06-28,2026-06-27T16:00Z,2026-06-28T16:00Z,2026-06-28 00:00,2026-06-29 00:00,1604.83,1580.65,Down,-1.5067
ETH,2026-06-29,2026-06-28T16:00Z,2026-06-29T16:00Z,2026-06-29 00:00,2026-06-30 00:00,1580.65,1580.32,Down,-0.0209
ETH,2026-06-30,2026-06-29T16:00Z,2026-06-30T16:00Z,2026-06-30 00:00,2026-07-01 00:00,1580.32,1566.76,Down,-0.8581
ETH,2026-07-01,2026-06-30T16:00Z,2026-07-01T16:00Z,2026-07-01 00:00,2026-07-02 00:00,1566.76,1618.57,Up,3.3068
ETH,2026-07-02,2026-07-01T16:00Z,2026-07-02T16:00Z,2026-07-02 00:00,2026-07-03 00:00,1618.57,1697.89,Up,4.9006
ETH,2026-07-03,2026-07-02T16:00Z,2026-07-03T16:00Z,2026-07-03 00:00,2026-07-04 00:00,1697.89,1730.99,Up,1.9495
ETH,2026-07-04,2026-07-03T16:00Z,2026-07-04T16:00Z,2026-07-04 00:00,2026-07-05 00:00,1730.99,1788.64,Up,3.3305
ETH,2026-07-05,2026-07-04T16:00Z,2026-07-05T16:00Z,2026-07-05 00:00,2026-07-06 00:00,1788.64,1774.16,Down,-0.8096
ETH,2026-07-06,2026-07-05T16:00Z,2026-07-06T16:00Z,2026-07-06 00:00,2026-07-07 00:00,1774.16,1782.96,Up,0.4960
ETH,2026-07-07,2026-07-06T16:00Z,2026-07-07T16:00Z,2026-07-07 00:00,2026-07-08 00:00,1782.96,1795.96,Up,0.7291
ETH,2026-07-08,2026-07-07T16:00Z,2026-07-08T16:00Z,2026-07-08 00:00,2026-07-09 00:00,1795.96,1724.81,Down,-3.9617
ETH,2026-07-09,2026-07-08T16:00Z,2026-07-09T16:00Z,2026-07-09 00:00,2026-07-10 00:00,1724.81,1740.21,Up,0.8929
ETH,2026-07-10,2026-07-09T16:00Z,2026-07-10T16:00Z,2026-07-10 00:00,2026-07-11 00:00,1740.21,1790.71,Up,2.9019
ETH,2026-07-11,2026-07-10T16:00Z,2026-07-11T16:00Z,2026-07-11 00:00,2026-07-12 00:00,1790.71,1813.79,Up,1.2889
ETH,2026-07-12,2026-07-11T16:00Z,2026-07-12T16:00Z,2026-07-12 00:00,2026-07-13 00:00,1813.79,1821.14,Up,0.4052
ETH,2026-07-13,2026-07-12T16:00Z,2026-07-13T16:00Z,2026-07-13 00:00,2026-07-14 00:00,1821.14,1776.41,Down,-2.4562
ETH,2026-07-14,2026-07-13T16:00Z,2026-07-14T16:00Z,2026-07-14 00:00,2026-07-15 00:00,1776.41,1874.05,Up,5.4965
ETH,2026-07-15,2026-07-14T16:00Z,2026-07-15T16:00Z,2026-07-15 00:00,2026-07-16 00:00,1874.05,1930.76,Up,3.0261
ETH,2026-07-16,2026-07-15T16:00Z,2026-07-16T16:00Z,2026-07-16 00:00,2026-07-17 00:00,1930.76,1880.90,Down,-2.5824
ETH,2026-07-17,2026-07-16T16:00Z,2026-07-17T16:00Z,2026-07-17 00:00,2026-07-18 00:00,1880.90,1831.10,Down,-2.6477
ETH,2026-07-18,2026-07-17T16:00Z,2026-07-18T16:00Z,2026-07-18 00:00,2026-07-19 00:00,1831.10,1843.92,Up,0.7001
ETH,2026-07-19,2026-07-18T16:00Z,2026-07-19T16:00Z,2026-07-19 00:00,2026-07-20 00:00,1843.92,1870.88,Up,1.4621
ETH,2026-07-20,2026-07-19T16:00Z,2026-07-20T16:00Z,2026-07-20 00:00,2026-07-21 00:00,1870.88,1900.31,Up,1.5731
ETH,2026-07-21,2026-07-20T16:00Z,2026-07-21T16:00Z,2026-07-21 00:00,2026-07-22 00:00,1900.31,1931.43,Up,1.6376
ETH,2026-07-22,2026-07-21T16:00Z,2026-07-22T16:00Z,2026-07-22 00:00,2026-07-23 00:00,1931.43,1941.99,Up,0.5467
ETH,2026-07-23,2026-07-22T16:00Z,2026-07-23T16:00Z,2026-07-23 00:00,2026-07-24 00:00,1941.99,1893.95,Down,-2.4738
ETH,2026-07-24,2026-07-23T16:00Z,2026-07-24T16:00Z,2026-07-24 00:00,2026-07-25 00:00,1893.95,1860.73,Down,-1.7540
ETH,2026-07-25,2026-07-24T16:00Z,2026-07-25T16:00Z,2026-07-25 00:00,2026-07-26 00:00,1860.73,1867.76,Up,0.3778
ETH,2026-07-26,2026-07-25T16:00Z,2026-07-26T16:00Z,2026-07-26 00:00,2026-07-27 00:00,1867.76,1915.86,Up,2.5753
ETH,2026-07-27,2026-07-26T16:00Z,2026-07-27T16:00Z,2026-07-27 00:00,2026-07-28 00:00,1915.86,1927.20,Up,0.5919
ETH,2026-07-28,2026-07-27T16:00Z,2026-07-28T16:00Z,2026-07-28 00:00,2026-07-29 00:00,1927.20,1919.56,Down,-0.3964
ETH,2026-07-29,2026-07-28T16:00Z,2026-07-29T16:00Z,2026-07-29 00:00,2026-07-30 00:00,1919.56,1892.21,Down,-1.4248
ETH,2026-07-30,2026-07-29T16:00Z,2026-07-30T16:00Z,2026-07-30 00:00,2026-07-31 00:00,1892.21,1920.03,Up,1.4702
ETH,2026-07-31,2026-07-30T16:00Z,2026-07-31T16:00Z,2026-07-31 00:00,2026-08-01 00:00,1920.03,1863.50,Down,-2.9442
ETH,2026-08-01,2026-07-31T16:00Z,2026-08-01T16:00Z,2026-08-01 00:00,2026-08-02 00:00,1863.50,1870.66,Up,0.3842
ETH,2026-08-02,2026-08-01T16:00Z,2026-08-02T16:00Z,2026-08-02 00:00,2026-08-03 00:00,1870.66,1858.67,Down,-0.6410
ETH,2026-08-03,2026-08-02T16:00Z,2026-08-03T16:00Z,2026-08-03 00:00,2026-08-04 00:00,1858.67,1863.01,Up,0.2335
ETH,2026-08-04,2026-08-03T16:00Z,2026-08-04T16:00Z,2026-08-04 00:00,2026-08-05 00:00,1863.01,1872.91,Up,0.5314
ETH,2026-08-05,2026-08-04T16:00Z,2026-08-05T16:00Z,2026-08-05 00:00,2026-08-06 00:00,1872.91,1874.31,Up,0.0747
ETH,2026-08-06,2026-08-05T16:00Z,2026-08-06T16:00Z,2026-08-06 00:00,2026-08-07 00:00,1874.31,1910.69,Up,1.9410
ETH,2026-08-07,2026-08-06T16:00Z,2026-08-07T16:00Z,2026-08-07 00:00,2026-08-08 00:00,1910.69,1918.87,Up,0.4281
ETH,2026-08-08,2026-08-07T16:00Z,2026-08-08T16:00Z,2026-08-08 00:00,2026-08-09 00:00,1918.87,1923.07,Up,0.2189
ETH,2026-08-09,2026-08-08T16:00Z,2026-08-09T16:00Z,2026-08-09 00:00,2026-08-10 00:00,1923.07,1926.90,Up,0.1992
ETH,2026-08-10,2026-08-09T16:00Z,2026-08-10T16:00Z,2026-08-10 00:00,2026-08-11 00:00,1926.90,1876.29,Down,-2.6265
ETH,2026-08-11,2026-08-10T16:00Z,2026-08-11T16:00Z,2026-08-11 00:00,2026-08-12 00:00,1876.29,1861.53,Down,-0.7867
ETH,2026-08-12,2026-08-11T16:00Z,2026-08-12T16:00Z,2026-08-12 00:00,2026-08-13 00:00,1861.53,1892.56,Up,1.6669
ETH,2026-08-13,2026-08-12T16:00Z,2026-08-13T16:00Z,2026-08-13 00:00,2026-08-14 00:00,1892.56,1880.97,Down,-0.6124
ETH,2026-08-14,2026-08-13T16:00Z,2026-08-14T16:00Z,2026-08-14 00:00,2026-08-15 00:00,1880.97,1882.15,Up,0.0627
ETH,2026-08-15,2026-08-14T16:00Z,2026-08-15T16:00Z,2026-08-15 00:00,2026-08-16 00:00,1882.15,1885.06,Up,0.1546
ETH,2026-08-16,2026-08-15T16:00Z,2026-08-16T16:00Z,2026-08-16 00:00,2026-08-17 00:00,1885.06,1884.30,Down,-0.0403
ETH,2026-08-17,2026-08-16T16:00Z,2026-08-17T16:00Z,2026-08-17 00:00,2026-08-18 00:00,1884.30,1911.81,Up,1.4600
ETH,2026-08-18,2026-08-17T16:00Z,2026-08-18T16:00Z,2026-08-18 00:00,2026-08-19 00:00,1911.81,1918.11,Up,0.3295
ETH,2026-08-19,2026-08-18T16:00Z,2026-08-19T16:00Z,2026-08-19 00:00,2026-08-20 00:00,1918.11,2086.71,Up,8.7899
ETH,2026-08-20,2026-08-19T16:00Z,2026-08-20T16:00Z,2026-08-20 00:00,2026-08-21 00:00,2086.71,2320.99,Up,11.2272
ETH,2026-08-21,2026-08-20T16:00Z,2026-08-21T16:00Z,2026-08-21 00:00,2026-08-22 00:00,2320.99,2396.61,Up,3.2581
ETH,2026-08-22,2026-08-21T16:00Z,2026-08-22T16:00Z,2026-08-22 00:00,2026-08-23 00:00,2396.61,2411.72,Up,0.6305
ETH,2026-08-23,2026-08-22T16:00Z,2026-08-23T16:00Z,2026-08-23 00:00,2026-08-24 00:00,2411.72,2441.06,Up,1.2166
ETH,2026-08-24,2026-08-23T16:00Z,2026-08-24T16:00Z,2026-08-24 00:00,2026-08-25 00:00,2441.06,2488.31,Up,1.9356
ETH,2026-08-25,2026-08-24T16:00Z,2026-08-25T16:00Z,2026-08-25 00:00,2026-08-26 00:00,2488.31,2481.81,Down,-0.2612
ETH,2026-08-26,2026-08-25T16:00Z,2026-08-26T16:00Z,2026-08-26 00:00,2026-08-27 00:00,2481.81,2449.43,Down,-1.3047
ETH,2026-08-27,2026-08-26T16:00Z,2026-08-27T16:00Z,2026-08-27 00:00,2026-08-28 00:00,2449.43,2522.20,Up,2.9709
ETH,2026-08-28,2026-08-27T16:00Z,2026-08-28T16:00Z,2026-08-28 00:00,2026-08-29 00:00,2522.20,2472.38,Down,-1.9753
ETH,2026-08-29,2026-08-28T16:00Z,2026-08-29T16:00Z,2026-08-29 00:00,2026-08-30 00:00,2472.38,2445.24,Down,-1.0977
ETH,2026-08-30,2026-08-29T16:00Z,2026-08-30T16:00Z,2026-08-30 00:00,2026-08-31 00:00,2445.24,2479.60,Up,1.4052
ETH,2026-08-31,2026-08-30T16:00Z,2026-08-31T16:00Z,2026-08-31 00:00,2026-09-01 00:00,2479.60,2466.10,Down,-0.5444
ETH,2026-09-01,2026-08-31T16:00Z,2026-09-01T16:00Z,2026-09-01 00:00,2026-09-02 00:00,2466.10,2448.64,Down,-0.7080
ETH,2026-09-02,2026-09-01T16:00Z,2026-09-02T16:00Z,2026-09-02 00:00,2026-09-03 00:00,2448.64,2389.29,Down,-2.4238
ETH,2026-09-03,2026-09-02T16:00Z,2026-09-03T16:00Z,2026-09-03 00:00,2026-09-04 00:00,2389.29,2511.90,Up,5.1316
ETH,2026-09-04,2026-09-03T16:00Z,2026-09-04T16:00Z,2026-09-04 00:00,2026-09-05 00:00,2511.90,2451.02,Down,-2.4237
ETH,2026-09-05,2026-09-04T16:00Z,2026-09-05T16:00Z,2026-09-05 00:00,2026-09-06 00:00,2451.02,2459.42,Up,0.3427
ETH,2026-09-06,2026-09-05T16:00Z,2026-09-06T16:00Z,2026-09-06 00:00,2026-09-07 00:00,2459.42,2480.10,Up,0.8408
ETH,2026-09-07,2026-09-06T16:00Z,2026-09-07T16:00Z,2026-09-07 00:00,2026-09-08 00:00,2480.10,2472.72,Down,-0.2976
ETH,2026-09-08,2026-09-07T16:00Z,2026-09-08T16:00Z,2026-09-08 00:00,2026-09-09 00:00,2472.72,2496.86,Up,0.9763
ETH,2026-09-09,2026-09-08T16:00Z,2026-09-09T16:00Z,2026-09-09 00:00,2026-09-10 00:00,2496.86,2491.10,Down,-0.2307
ETH,2026-09-10,2026-09-09T16:00Z,2026-09-10T16:00Z,2026-09-10 00:00,2026-09-11 00:00,2491.10,2443.63,Down,-1.9056
ETH,2026-09-11,2026-09-10T16:00Z,2026-09-11T16:00Z,2026-09-11 00:00,2026-09-12 00:00,2443.63,2570.37,Up,5.1865
ETH,2026-09-12,2026-09-11T16:00Z,2026-09-12T16:00Z,2026-09-12 00:00,2026-09-13 00:00,2570.37,2535.23,Down,-1.3671
ETH,2026-09-13,2026-09-12T16:00Z,2026-09-13T16:00Z,2026-09-13 00:00,2026-09-14 00:00,2535.23,2491.92,Down,-1.7083
ETH,2026-09-14,2026-09-13T16:00Z,2026-09-14T16:00Z,2026-09-14 00:00,2026-09-15 00:00,2491.92,2508.37,Up,0.6601
ETH,2026-09-15,2026-09-14T16:00Z,2026-09-15T16:00Z,2026-09-15 00:00,2026-09-16 00:00,2508.37,2422.08,Down,-3.4401
ETH,2026-09-16,2026-09-15T16:00Z,2026-09-16T16:00Z,2026-09-16 00:00,2026-09-17 00:00,2422.08,2392.15,Down,-1.2357
ETH,2026-09-17,2026-09-16T16:00Z,2026-09-17T16:00Z,2026-09-17 00:00,2026-09-18 00:00,2392.15,2469.23,Up,3.2222
ETH,2026-09-18,2026-09-17T16:00Z,2026-09-18T16:00Z,2026-09-18 00:00,2026-09-19 00:00,2469.23,2581.10,Up,4.5306
ETH,2026-09-19,2026-09-18T16:00Z,2026-09-19T16:00Z,2026-09-19 00:00,2026-09-20 00:00,2581.10,2640.47,Up,2.3002
ETH,2026-09-20,2026-09-19T16:00Z,2026-09-20T16:00Z,2026-09-20 00:00,2026-09-21 00:00,2640.47,2609.45,Down,-1.1748
ETH,2026-09-21,2026-09-20T16:00Z,2026-09-21T16:00Z,2026-09-21 00:00,2026-09-22 00:00,2609.45,2754.55,Up,5.5606
ETH,2026-09-22,2026-09-21T16:00Z,2026-09-22T16:00Z,2026-09-22 00:00,2026-09-23 00:00,2754.55,2744.63,Down,-0.3601
ETH,2026-09-23,2026-09-22T16:00Z,2026-09-23T16:00Z,2026-09-23 00:00,2026-09-24 00:00,2744.63,2655.28,Down,-3.2554
ETH,2026-09-24,2026-09-23T16:00Z,2026-09-24T16:00Z,2026-09-24 00:00,2026-09-25 00:00,2655.28,2676.89,Up,0.8139
